INVENTORY_ITEM_ID,n,n_test,mean_MAE,mean_RMSE,mean_MAPE,mean_WAPE,mean_R2,last_MAE,last_RMSE,last_MAPE,last_WAPE,last_R2,roll7_MAE,roll7_RMSE,roll7_MAPE,roll7_WAPE,roll7_R2
637,365,73,18.09232501407394,19.323790899483615,151.3433899251989,107.3772134981624,-5.5222818035215635,22.34246575342466,23.407351614162614,182.7138680831889,132.60162601626016,-8.57016572050398,10.632093933463794,11.984205895349522,92.87584514874526,63.101045296167236,-1.5086115877525867
57341,365,73,5.704635015950459,9.989091441798598,19.20315307306489,22.669480466215763,-0.1878750240149405,7.712328767123288,11.633089319836225,25.92586909492293,30.647795318454,-0.6110495534338012,6.181996086105676,10.382764044744262,20.63974789554623,24.5664515125593,-0.283348899543554
105238,365,73,92.34002627134548,121.9611682168721,26.97114789617212,31.441867241047717,-0.9103531493815016,116.21917808219177,132.8523745540799,49.29041150404183,39.57274126591726,-1.2667788397069812,76.78082191780823,89.8952470240639,29.272093662431164,26.14394328093661,-0.03787241132537522
105740,191,39,3.003542510121456,3.753993629547036,239.34716599190278,156.18421052631572,-0.5150299750921599,5.743589743589744,5.922577401513895,474.1025641025641,298.6666666666667,-2.7709923664122145,1.5347985347985345,3.071364681165292,97.50915750915752,79.8095238095238,-0.01413771615516457
114368,365,73,3.3624507412272466,4.321440175070598,31.951451887774223,31.228868207326848,-0.17417350984001123,6.6438356164383565,7.3995557067660656,84.39135065847395,61.704834605597966,-2.442599933927982,3.195694716242661,4.002410512146888,34.66914622923602,29.680116321337696,-0.00720652128896293
114376,365,73,4.103771814599361,6.1243601769822975,34.5226714007815,33.9654583294505,-0.07903885811766487,4.109589041095891,6.2526706622817505,33.172162780545534,34.01360544217687,-0.12472602813677547,4.109589041095891,6.2526706622817505,33.172162780545534,34.01360544217687,-0.12472602813677547
115939,365,73,3.62173953837493,4.824447937152225,46.02878340541508,33.8957674745346,-0.026177401340282902,5.095890410958904,6.680579090640374,42.78505788783524,47.69230769230769,-0.9676842889054353,4.060665362035225,5.689943259058526,36.587816735450645,38.00366300366301,-0.4273913784923249
115953,365,73,5.897963970726215,8.8417475011496,22.422138754392417,26.84235472961432,-0.5105789278073893,4.904109589041096,7.459479580804438,20.523861232603018,22.31920199501247,-0.075187642771674,5.36986301369863,8.217922278492445,20.82908145397141,24.438902743142144,-0.3049421661409042
125776,25,5,0.10000000000000009,0.10000000000000009,10.000000000000009,10.000000000000009,,0.0,0.0,0.0,0.0,,0.0,0.0,0.0,0.0,
139096,365,73,3.575670857571777,4.256761149198834,48.16087485013794,32.30494710429947,-0.13380412958222743,3.328767123287671,3.998287304567171,40.34563910602971,30.074257425742573,-0.0002935443721672204,3.3424657534246576,4.13802944301184,36.802386733999604,30.198019801980198,-0.07143695841063336
142274,365,73,4.164336648526928,5.803816541853458,30.795921919165632,29.062770109222345,-0.01605023263975358,5.041095890410959,7.203499910384126,29.939275229722167,35.18164435946463,-0.5652183757103719,4.181996086105675,5.777076734791094,31.509633466904457,29.186014750068285,-0.006709344819731067
142456,365,73,11.617658097203979,13.374650010415492,60.3365516419358,44.2866339997854,-1.153049251492948,7.438356164383562,10.04987562112089,28.87849361009524,28.35509138381201,-0.21565540668732552,6.992172211350294,9.320632824751977,29.819936745213283,26.65423349496457,-0.04563451859011147
166806,365,73,6.86704822668418,8.575148253741949,35.53926167500971,29.66239766555889,-0.01141414323914125,6.8493150684931505,8.568818911276313,35.37451431814546,29.585798816568047,-0.009921638670644883,7.710371819960861,10.2686856213029,30.19939007730381,33.30515638207946,-0.4503588321420722
180290,37,8,0.8879310344827586,1.322988006431095,53.9655172413793,59.195402298850574,-0.0001698658060131919,2.0,2.0,180.0,133.33333333333331,-1.2857142857142856,1.5714285714285712,1.616244071283537,131.42857142857142,104.76190476190474,-0.49271137026239065
181253,365,73,14.18188215425033,19.237720687760127,48.93264352749664,58.755811422262994,-1.0029137299806026,13.849315068493151,18.903866387159045,47.98590696589965,57.37797956867197,-0.9339992078564392,12.10958904109589,16.956834804153235,45.01460164916269,50.17026106696936,-0.5561254024190845
192666,365,73,30.010039407018198,32.25522238900599,53.51387037003431,46.85057477998992,-3.6075081275408962,85.94520547945206,87.24897455926823,146.50953335417563,134.17450812660394,-32.71216870713928,17.473581213307234,20.211497045098508,31.31618422025746,27.279115238909927,-0.8091017501908502
227728,23,5,0.11111111111111116,0.11111111111111116,11.111111111111116,11.111111111111116,,0.0,0.0,0.0,0.0,,0.0,0.0,0.0,0.0,
273220,365,73,7.1361887783824365,8.145135240840045,92.28106504378619,60.78667220792507,-1.7485272681334059,4.616438356164384,6.174405855726757,36.68528639969698,39.323220536756125,-0.579406048355749,4.540117416829745,5.243364484856184,55.00229176096039,38.673112185364225,-0.13899953513240781
274637,365,73,22.104991555638957,22.598888214814757,365.12427915564786,230.52348336594912,-5.643620072647025,4.0,8.77730573071321,66.49585335333248,41.714285714285715,-0.002196986710671256,3.7495107632093925,8.826536348958498,54.58287756443501,39.10204081632652,-0.013470866362031098
307205,28,6,0.09090909090909083,0.09090909090909083,9.090909090909083,9.090909090909083,,0.0,0.0,0.0,0.0,,0.1428571428571428,0.1428571428571428,14.28571428571428,14.28571428571428,
348620,365,73,23.234424845186716,25.10216902115279,91.41683757809864,73.4248057878195,-5.658041953015636,9.027397260273972,11.780527234288295,26.44672148993155,28.52813852813853,-0.4664034833782107,7.945205479452055,9.7348406914377,28.762846819758703,25.108225108225106,-0.0013403709417096898
359391,26,6,0.050000000000000044,0.050000000000000044,5.000000000000004,5.000000000000004,,0.0,0.0,0.0,0.0,,0.1428571428571428,0.1428571428571428,14.28571428571428,14.28571428571428,
384521,365,73,32.598939763557894,37.378234315496925,58.00959577565862,43.69670588945513,-1.2361725339781566,35.205479452054796,42.68649653346325,41.78346187556733,47.19059860448036,-1.916411272350257,21.939334637964777,26.19219409653797,36.441516382984304,29.408215728450767,-0.09802317210761857
409691,28,6,0.3181818181818181,0.3181818181818181,31.818181818181813,31.818181818181813,,0.0,0.0,0.0,0.0,,0.2857142857142858,0.2857142857142858,28.57142857142858,28.57142857142858,
410423,27,6,0.0,0.0,0.0,0.0,,0.0,0.0,0.0,0.0,,0.0,0.0,0.0,0.0,
423616,365,73,148.44520547945208,149.77775131470955,204.5858703679806,188.1990274400834,-55.450966769953745,33.87671232876713,39.306836520639436,39.705047807477406,42.94894060437652,-2.8878809399911787,16.07827788649707,22.440914249947514,18.46459564824088,20.384061926264085,-0.2672370575166936
447169,365,73,20.441921561268533,48.03895140344138,43.72992367315301,47.02994875425789,-0.018370236773265436,25.71232876712329,47.819151319076255,70.49726191316077,59.15537346359911,-0.00907254074366648,42.794520547945204,54.99315025839551,139.50758968196476,98.45572013867003,-0.3345530969823889
451036,167,34,0.6331269349845201,0.6811819670594339,51.10570544007078,45.8006718924972,-0.12451626062365917,0.7941176470588235,0.8911327886790068,73.52941176470588,57.446808510638306,-0.9245283018867925,0.4411764705882352,0.6855567045825454,24.36974789915966,31.914893617021274,-0.13900654601463258
471934,365,73,7.234847063238881,10.530195437429438,27.671480733806604,27.6225855447928,-0.0461776588813505,11.547945205479452,15.206793723282557,38.02199229802594,44.08995815899582,-1.1817645850742884,12.66536203522505,16.17647988709538,42.21613743680852,48.35624626419606,-1.4688836428584433
519105,365,73,9.28025896040533,11.521600541557554,28.739155867385453,31.716240829100613,-1.0188418225819333,20.26027397260274,21.82276051997842,66.53841717983603,69.24157303370787,-6.242625654958276,9.052837573385517,11.273408535380563,28.141745101551464,30.939004815409305,-0.9328010653125993
520851,26,6,0.5,0.5,50.0,50.0,,0.0,0.0,0.0,0.0,,0.2857142857142858,0.2857142857142858,28.57142857142858,28.57142857142858,
524009,365,73,8.813614186526554,10.032598981103124,75.4065852952166,52.2235256182174,-0.5032399401932648,22.36986301369863,23.588074535111435,187.952590794833,132.54870129870127,-7.309719855611856,13.311154598825832,14.273184328881118,114.73652316407963,78.87291280148423,-2.0425880051137097
529640,365,73,5.9004034528054055,6.892692267843756,50.99811463616933,37.48733264184461,-0.8848200061046427,4.3561643835616435,5.176342390911289,35.04701368624697,27.676240208877285,-0.06301182216134116,3.9941291585127208,5.055935376095849,29.11463012595592,25.376103443988562,-0.014133508440450582
630947,365,73,165.6936573465941,195.83649428036838,182.5666180803205,68.29448922308944,-0.9908160288075978,118.94520547945206,153.1003341889466,75.33637774453709,49.02602902151205,-0.21673542850682703,131.92759295499022,141.81365570285413,121.85327330507117,54.3770215443187,-0.04395068003465008
639784,365,73,43.59232501407393,56.40412955061153,40.83959294730557,43.39023351550855,-1.0539456981527615,53.10958904109589,64.78933194783363,49.1721380536899,52.86337605672211,-1.7100303745892425,45.835616438356155,58.31923175799871,42.78547718852924,45.623125170439046,-1.1957896997118609
645642,29,6,0.08695652173913038,0.08695652173913038,8.695652173913038,8.695652173913038,,0.0,0.0,0.0,0.0,,0.2857142857142858,0.2857142857142858,28.57142857142858,28.57142857142858,
652172,365,73,5.7667010696190655,6.549486299131466,96.99228301626184,59.711940153502375,-1.5082466039764748,3.8767123287671232,4.75279297843809,66.29009588316599,40.14184397163121,-0.320850158005618,3.172211350293542,4.182882433381994,51.03819284203767,32.84701114488349,-0.02307406020694791
677542,365,73,5.4495214862075425,7.477472892842966,29.25576249693992,29.73206789933861,-0.08956232218996152,10.794520547945206,12.035336101185257,77.70522257358668,58.893871449925264,-1.8226616837193652,7.060665362035225,8.32566789371476,49.487838902144574,38.52231475549861,-0.3507673304012575
699896,45,9,0.02777777777777768,0.02777777777777768,2.777777777777768,2.777777777777768,,0.0,0.0,0.0,0.0,,0.0,0.0,0.0,0.0,
725364,365,73,21.86535935447551,31.50754093940114,20.564893828896334,24.067720640481184,-0.5321340879945038,19.328767123287673,28.07743695128572,18.928783816806227,21.275633293124248,-0.21669767484966074,18.20352250489237,25.456107696705256,20.15722143658447,20.037049801826644,-0.00011917979805731171
731944,365,73,23.965143554137743,29.10146079104347,59.98720614753801,60.24295728140686,-1.270871899447919,31.054794520547944,36.33727095248035,70.60686565176638,78.06473829201101,-2.540525050971426,26.876712328767123,32.21162897302604,62.79625536229578,67.56198347107438,-1.7822005567106172
745657,365,73,14.356633514730719,20.756187934849436,31.51720093476858,29.031419572724165,-0.003501249657972272,22.164383561643834,29.824601410833115,38.25080805905131,44.819944598337955,-1.0719154341282948,15.616438356164384,23.674157924299177,27.806193476196732,31.57894736842105,-0.305484770257878
754512,365,73,53.25107900168886,58.77112576975787,71.02477856849454,55.75629327486068,-1.7685078255972786,62.54794520547945,68.33058241483593,83.29195995815411,65.49053356282272,-2.7423808382138346,68.22309197651663,74.03390635315515,90.5290195544066,71.4326694533235,-3.393180694290826
775470,365,73,100.50103208857198,106.35937550289282,103.54046247617916,83.0305041021475,-5.141008830013079,106.78082191780823,112.47020914537983,109.56678556616484,88.21865097329108,-5.866938691104384,97.59882583170254,103.55743477903987,100.7553959288485,80.63280087951885,-4.821712206171071
777562,365,73,5.916260086320135,9.053479092273605,19.610721929631897,22.28519021162899,-0.3723319985798934,6.123287671232877,8.10800382507293,25.111522662708197,23.06501547987616,-0.10066732435608228,4.988258317025441,7.759146937423817,18.52809506455599,18.789621111602536,-0.007989797906054807
782111,41,9,0.4479166666666667,0.6462532237185875,23.26388888888889,31.009615384615387,-0.691455078125,0.4444444444444444,0.6666666666666666,22.22222222222222,30.76923076923077,-0.7999999999999998,0.4444444444444444,0.6666666666666666,22.22222222222222,30.76923076923077,-0.7999999999999998
795279,365,73,51.06933758678927,51.847337596426954,746.5515721391856,463.11324768144306,-19.74374471455712,10.027397260273972,15.170266520446168,86.27015825905116,90.93167701863354,-0.775908806561479,6.217221135029354,12.814683097115902,42.30523660427876,56.37976929902395,-0.26721405355080097
799404,365,73,5.643319572152374,6.656759954128066,87.69913724512612,53.99244151600568,-1.5270323234809409,6.534246575342466,7.691838763367563,56.25690475980989,62.516382699868934,-2.3740020974680567,5.025440313111545,6.216798870994962,44.18635809496624,48.08088372963864,-1.2040357696489115
801083,365,73,47.42648714580596,51.53597537482423,298.787839279017,94.05415815386675,-0.07980251745250211,54.32876712328767,60.457615630053034,404.6862516076716,107.74246128769356,-0.48602243465916195,45.94520547945205,50.38042583980243,272.6117944742306,91.11654441727791,-0.031922314489369
801711,365,73,14.62985550759993,16.183540134629766,131.26539792676974,86.26651470555693,-3.549076790195886,12.95890410958904,15.01688547319545,70.51445320971725,76.41357027463651,-2.9168410416870367,11.418786692759296,13.683868339243396,59.55706863408267,67.33210246942073,-2.2523253439441677
801973,30,6,0.25,0.375,17.708333333333336,21.428571428571427,-0.012500000000000178,0.16666666666666666,0.408248290463863,8.333333333333332,14.285714285714285,-0.20000000000000018,0.26190476190476186,0.3734377890799553,19.047619047619044,22.448979591836732,-0.0040816326530614955
802105,365,73,13.109495214862076,17.90206175206272,35.5245645168601,31.48003785147801,-0.0025960764008745585,13.520547945205479,18.191146423993683,38.52618692787395,32.4671052631579,-0.03523760211713278,28.42465753424658,30.560384456464583,88.16082721133675,68.25657894736844,-1.9217128180444516
802278,365,73,10.796209420153874,14.991127669421694,40.02016841472212,46.66212478811325,-0.7304309002060436,9.945205479452055,14.002935113069043,38.41176156382828,42.98401420959148,-0.5098152541736143,8.500978473581213,11.71354586943411,41.753337442033015,36.741943669119514,-0.05648277638257437
816018,365,73,10.206652279977483,12.865260591976199,36.63818877624179,41.74149111699475,-1.2048191020532633,13.561643835616438,16.000856141477993,49.77392220906995,55.46218487394958,-2.4105327887292956,7.6223091976516635,10.015238598928047,29.833497326327667,31.172468987595035,-0.3361597599949475
817294,365,73,10.077500469131168,12.12796133115189,85.86193524909145,49.43935041979673,-0.7844306333378861,8.534246575342467,10.555138980805017,44.890253529238464,41.86827956989247,-0.3516118016664391,8.32876712328767,10.209327139307744,45.658021635979765,40.86021505376344,-0.26449845612333167
817562,198,40,4.4715189873417724,6.630234869200782,57.13971532274367,62.538727095689126,-0.5518494191427377,4.15,6.18465843842649,61.450099176186136,58.04195804195804,-0.3502779984114375,4.378571428571428,6.49434604962231,58.385799293873816,61.23876123876123,-0.4888899695435496
818486,365,73,9.13632951773316,13.398606607982277,22.090646775414207,25.75104458666103,-0.624696009401631,8.602739726027398,12.901099029322406,20.800643574234723,24.247104247104247,-0.5062819062757922,6.864970645792564,10.833866283672792,18.014231603435903,19.34914506343078,-0.06223298579766756
838888,365,73,22.38853443422781,36.89513434400718,27.61625975480819,27.696373728158452,-0.020364834866202663,43.054794520547944,56.29362843821426,47.08466881556291,53.26215895610913,-1.3753946576651574,22.23091976516634,37.24044833849044,26.658967145769385,27.501392015881088,-0.03955409257860909
839636,28,6,0.3636363636363636,0.7990179923294066,14.646464646464644,27.27272727272727,-0.1491735537190082,0.3333333333333333,0.816496580927726,11.11111111111111,25.0,-0.19999999999999996,0.3333333333333333,0.816496580927726,11.11111111111111,25.0,-0.19999999999999996
844588,192,39,0.6990112284229931,0.7610704559858374,52.67303502597622,46.20582696355378,-0.03892234844363229,0.7948717948717948,0.8915558282417286,69.23076923076921,52.54237288135594,-0.4257075471698113,0.5934065934065935,0.7804519078929539,34.432234432234445,39.22518159806296,-0.09251058914131671
845157,29,6,0.04347826086956519,0.04347826086956519,4.347826086956519,4.347826086956519,,0.0,0.0,0.0,0.0,,0.1428571428571428,0.1428571428571428,14.28571428571428,14.28571428571428,
848630,365,73,4.68258585100394,9.607714206041168,77.74247116144174,53.83130190917915,-0.0016539468700746962,4.383561643835616,10.287643872061093,43.35436623966672,50.39370078740157,-0.1484428769817836,5.506849315068495,9.754406615497638,98.2335061320448,63.307086614173244,-0.03247433634967578
849705,365,73,41.28551322949897,56.23787749108754,36.59553768560601,41.98721741088639,-0.6119532526522498,36.26027397260274,44.37526770129555,46.15407544872186,36.876567288938425,-0.003636788982647854,36.21917808219178,50.263704932562085,34.77004631760468,36.83477291724714,-0.2876670855892596
849706,365,73,36.02284668793394,53.69164681056309,60.04538082230945,41.96055222944276,-0.18109228426872837,35.657534246575345,49.554038581391396,74.84677056458615,41.53502473272698,-0.006070679466186668,38.30332681017613,56.573294064796215,57.5376157411777,44.61692767102054,-0.3112735977800647
849751,365,73,27.428363670482266,28.525475810572438,171.05296050785307,131.46884753415662,-9.452959420922204,14.863013698630137,17.28448508511417,66.17504918954522,71.24097176625082,-2.8378355575269025,10.311154598825828,13.340228624292482,42.84600116446951,49.42313103836412,-1.2861252216781334
938145,365,73,4.2606492775380005,4.863438144703007,88.63400444137919,60.04389908499499,-2.3312278661662886,3.287671232876712,4.084719269037875,41.1755519974698,46.33204633204633,-1.3498599291717324,2.2426614481409004,2.7354719558713594,44.19333113070881,31.60507446221732,-0.05385796159998946
961782,29,6,0.5869565217391304,0.8003228712042739,33.21256038647344,39.13043478260869,-0.09802862543883362,0.5,0.9128709291752769,19.444444444444443,33.33333333333333,-0.4285714285714286,0.5,0.9128709291752769,19.444444444444443,33.33333333333333,-0.4285714285714286
968316,38,8,0.20000000000000007,0.33166247903553997,14.375000000000007,17.777777777777786,-0.005714285714285561,0.125,0.3535533905932738,6.25,11.11111111111111,-0.1428571428571428,0.125,0.3535533905932738,6.25,11.11111111111111,-0.1428571428571428
975391,365,73,9.622114843310186,11.228332379310226,125.25914811438344,78.30706617186662,-0.6724652801979503,6.0,8.711510257062441,66.35381727589764,48.82943143812709,-0.006731123480269607,7.962818003913892,9.947654442475635,102.11174874302102,64.80331262939957,-0.31270751537130215
984020,365,73,16.175455057234,17.764894612070446,76.35691323505107,60.9606721310316,-4.3351785702955965,7.164383561643835,8.928176116493406,26.041035245108006,27.000516262261225,-0.3475633355116645,6.534246575342466,8.097860363438816,25.52248514366972,24.62570986060919,-0.10857289690571204
984414,365,73,6.533073747419778,9.6444880548682,27.137956471729023,25.695818079829948,-0.033224099728188516,10.054794520547945,13.37345561433144,34.67816541340414,39.547413793103445,-0.9866595517609393,12.234833659491194,15.29481046909162,42.758089835537014,48.12192118226601,-1.598509851512643
1018104,365,73,7.031807093263276,7.761241158942678,86.75143540121557,65.64218897803315,-2.9439041920581857,4.068493150684931,5.390249949728486,32.744256267002186,37.97953964194373,-0.902312266561824,3.0821917808219177,4.266787954897079,27.66727273467796,28.77237851662404,-0.1919721839984272
1031495,365,73,8.725089134922122,10.097999816807482,50.9028407634638,38.90846101706261,-1.0701115445568692,6.712328767123288,8.870452722767272,27.77378869814803,29.932803909590717,-0.5974033890040229,6.254403131115458,8.373781252728605,26.480467580361548,27.890740902347495,-0.4235287861334951
1044944,27,6,0.3968253968253969,0.49257525870421903,26.190476190476193,29.761904761904766,-0.09183673469387732,0.6666666666666666,0.816496580927726,66.66666666666666,50.0,-1.9999999999999996,0.38095238095238093,0.5084322977157767,23.809523809523807,28.57142857142857,-0.16326530612244894
1055241,34,7,0.0,0.0,0.0,0.0,,0.0,0.0,0.0,0.0,,0.0,0.0,0.0,0.0,
1059720,22,5,0.47058823529411764,0.49215295678475035,34.11764705882353,33.61344537815126,-0.009227220299884875,0.4,0.6324555320336759,20.0,28.57142857142857,-0.6666666666666667,0.48571428571428577,0.49073040106621907,37.14285714285714,34.693877551020414,-0.003401360544217802
1064807,365,73,97.59870519797333,111.32144413280443,950.8532723753593,102.69105620426713,-1.470351610997871,212.95890410958904,224.42810118775174,1681.0143532995135,224.07033727298935,-9.04050550615517,85.81409001956948,99.9550178394142,863.6556650803714,90.29156199810568,-0.9916375718047743
1068060,365,73,17.942906736723586,38.46542306208874,46.0541592572297,43.83641873429792,-0.008867148734528651,17.027397260273972,39.562850985263836,36.041796923240796,41.599732262382865,-0.06725479397929313,36.483365949119374,46.487940365055536,128.65610358210947,89.13272136163702,-0.47357947717290094
1073332,34,7,0.14814814814814814,0.14814814814814814,14.814814814814813,14.814814814814813,,0.0,0.0,0.0,0.0,,0.1428571428571428,0.1428571428571428,14.28571428571428,14.28571428571428,
1073893,25,5,0.2,0.4472135954999579,10.0,16.666666666666664,-0.25,0.2,0.4472135954999579,10.0,16.666666666666664,-0.25,0.2,0.4472135954999579,10.0,16.666666666666664,-0.25
1079807,191,39,1.570512820512821,2.4007678279646374,48.873023905918664,52.35042735042737,-0.27718045674892977,2.0,2.9176738187844977,48.800366300366306,66.66666666666666,-0.8863636363636365,1.721611721611722,2.560007195175655,48.84746206174779,57.387057387057396,-0.4522263450834878
1080774,365,73,7.3446237568024015,9.676084874706985,30.95740148990409,26.741024151948896,-0.008942618409185643,7.0,9.743983039776499,27.177567411865013,25.486284289276806,-0.023152024007409233,7.499021526418787,10.500928510405839,26.31270068496526,27.303170644816532,-0.18829024712203535
1091692,160,32,1.02880859375,1.357690227521083,43.406575520833336,44.48902027027027,-0.31445856545960993,1.1875,1.3693063937629153,80.625,51.35135135135135,-0.3370473537604457,1.0982142857142858,1.2505101000008283,69.9702380952381,47.490347490347496,-0.11511568415667117
1101779,365,73,3.982501407393508,5.98573807731915,29.078260539429586,28.170794839120745,-0.10423377768781461,4.027397260273973,6.083888446555951,28.738842616059827,28.488372093023255,-0.14074373951766828,4.841487279843444,6.8759933330731435,31.447027881902912,34.246954595791806,-0.45712397271672556
1103610,365,73,16.69891161568774,24.672690357259185,42.85301707021978,46.86737977490216,-0.17882389215816663,17.08219178082192,23.41144784952351,50.81215463402698,47.943098808150715,-0.061383809334847994,16.73189823874755,24.20799120399116,45.06119750662257,46.95996045477013,-0.13483682091316562
1105781,365,73,6.738647025708389,10.632701308588429,22.9417030167064,26.575971522242696,-0.3348397272566135,5.904109589041096,9.795861580769149,21.005526200965267,23.28471096704484,-0.13299286568883772,6.03522504892368,9.21661782711495,25.0541386220429,23.801805973605003,-0.002963330056620528
1108564,365,73,6.5059579658472515,8.562532145697686,32.50035177732779,32.22082303302913,-0.26071628515559464,6.232876712328767,7.668651718397582,39.67570311904971,30.868385345997286,-0.011232365734346939,6.442270058708414,8.44167941560711,32.654942730539695,31.905408024811006,-0.22537959257428053
1110381,365,73,48.11681366109964,62.11436895094819,45.6818217432613,45.819559056356304,-0.7007025421632829,39.23287671232877,48.13935251199348,58.581971930615154,37.35977041481868,-0.02151487553880238,40.810176125244624,54.61660920049072,43.56382042291961,38.861764377026574,-0.3149028727842689
1114248,37,8,0.10344827586206895,0.10344827586206895,10.344827586206895,10.344827586206895,,0.0,0.0,0.0,0.0,,0.1428571428571428,0.1428571428571428,14.28571428571428,14.28571428571428,
1115219,36,8,0.1071428571428572,0.1071428571428572,10.71428571428572,10.71428571428572,,0.0,0.0,0.0,0.0,,0.0,0.0,0.0,0.0,
1117320,365,73,8.27167386001126,14.076920969382202,16.42197622899938,19.036323826633733,-0.12765557424315244,11.027397260273972,16.88113155981334,21.367410580856784,25.378310214375787,-0.6216765443963905,9.144814090019567,13.424563252423203,21.29520380385164,21.045757521167353,-0.02556090576547776
1118288,365,73,20.455854756990057,25.95855554217129,29.268833048155773,26.060687561261325,-0.12548676860710195,31.82191780821918,39.8815025616556,35.95816476359911,40.54101221640489,-1.656576784735952,23.784735812133075,28.373226422719174,34.9912692882839,30.301670406382453,-0.3446114222149139
1123738,365,73,10.83735222368174,15.856754996544979,19.785278297159216,21.758160405081604,-0.15140297331995112,10.643835616438356,15.54004989325747,19.768975662119338,21.36963696369637,-0.10586861399172998,10.835616438356164,14.825468645137166,22.73180649837969,21.754675467546754,-0.006504164246259547
1130484,29,6,0.08695652173913038,0.08695652173913038,8.695652173913038,8.695652173913038,,0.0,0.0,0.0,0.0,,0.0,0.0,0.0,0.0,
1132660,21,5,3.275,3.4118360159890453,218.19444444444446,90.97222222222221,-0.05440443840579712,2.8,3.687817782917155,88.8888888888889,77.77777777777779,-0.23188405797101463,3.485714285714286,3.7925813728103126,275.55555555555554,96.82539682539684,-0.3028689736764272
1190400,35,7,0.25,0.25,25.0,25.0,,0.0,0.0,0.0,0.0,,0.0,0.0,0.0,0.0,
1207604,365,73,38.575295552636504,41.95996864132002,133.00415531562228,92.63146629416002,-3.6556256177764803,22.19178082191781,29.096909406091594,44.815027865638214,53.289473684210535,-1.2387286805088293,15.6027397260274,22.03327470660902,34.61510792988754,37.467105263157904,-0.2837067881022517
1208154,365,73,41.267733158191035,44.33667099071956,138.39152960829801,102.60710219849952,-5.586001510474301,17.26027397260274,23.696713834946447,35.30344866809691,42.915531335149865,-0.8813600241424404,13.542074363992173,18.893400474580304,31.553551712688765,33.67068898404049,-0.19595798886902127
1209421,21,5,0.0,0.0,0.0,0.0,,0.0,0.0,0.0,0.0,,0.0,0.0,0.0,0.0,
1212010,365,73,38.978091574404196,43.77542113228253,120.53096239905352,83.27189595936512,-1.6716095074110968,17.493150684931507,27.210241826819043,40.322185364774064,37.37196371085748,-0.03223152301081855,18.671232876712327,29.687181865635,35.69849090632938,39.8887913374305,-0.2287124552895896
1212011,365,73,40.92855132294989,45.309958265011744,162.17934835299346,110.98752773311078,-1.5049091379394817,20.958904109589042,35.431972250133725,43.10294276646862,56.835066864784544,-0.5317761635614398,16.706457925636006,31.4499082526897,35.769790921036254,45.30354489492676,-0.20682255522340598
1215177,365,73,46.753940701820234,48.678616704305576,425.61779844228687,204.98724752149414,-8.768921104117638,13.36986301369863,16.760194199025293,134.00270565884088,58.618618618618626,-0.15805247270302347,18.467710371819962,20.97470420250172,187.6101482955939,80.96954096954096,-0.8136848907749914
1219470,45,9,0.34567901234567905,0.41573970964154905,25.92592592592593,28.282828282828287,0.0,0.2222222222222222,0.4714045207910317,11.11111111111111,18.181818181818183,-0.2857142857142858,0.46031746031746035,0.4641330640385221,39.68253968253969,37.66233766233766,-0.24635568513119566
1271172,365,73,23.15068493150685,36.608255674938185,55.88477977154531,62.825278810408925,-0.6381962017767127,17.78082191780822,33.195972688561575,41.272634985929784,48.25278810408922,-0.34703425521021614,13.44618395303327,29.89775232476926,35.31591112519611,36.489644184811475,-0.09265969237298277
1272773,365,73,19.816382060424097,23.20013463216641,38.273677159743634,41.437865666312206,-2.1823907587639297,16.136986301369863,19.718567843741067,31.28126850813479,33.743912918934406,-1.2989166855281438,10.160469667318983,14.307732542635884,21.11603325820795,21.24647051602079,-0.21035876838586431
1273063,365,73,19.324685682116716,22.03898890165094,38.77478290692834,41.40598928073145,-2.7205598729621183,16.410958904109588,19.394251372542584,32.727201594548575,35.16289991194599,-1.8811840769989274,10.604696673189824,13.842306500694015,21.975382388802558,22.72212671390834,-0.4677155246989946
1275727,365,73,30.161944079564645,37.674079593561316,40.47134995184806,44.99023125885204,-1.7030831755507387,15.219178082191782,24.284557357040654,20.392921685934056,22.70126685737638,-0.12314154260273047,15.843444227005872,22.919447862004297,23.999482616312324,23.63243621927725,-0.00042010204016018626
1275728,365,73,20.693235128541936,23.388338272353874,38.470633219143785,41.149718452289875,-3.068488639789418,13.013698630136986,16.182181982002,24.159485285629533,25.878507218741486,-0.9476393316324536,9.074363992172211,12.266505257980338,18.366656109562975,18.04490796591042,-0.1191184953629516
1293035,365,73,5.842137361606305,10.003607554381716,18.755047122245458,21.281238892078857,-0.16770652231034355,5.561643835616438,9.273618495495704,20.707498561529718,20.25948103792415,-0.0035034399400910576,6.240704500978474,9.56473756256597,24.494603600215243,22.73310521813516,-0.06749667508356172
1294279,365,73,45.58641396134359,94.00639992906038,286.11122976293507,142.27482766900735,-0.005955056141373705,23.726027397260275,96.06048322987014,36.15959311452831,74.04873877725524,-0.050396508171626,25.146771037181995,95.21361002926895,61.66309544089278,78.4828681365663,-0.03195746942282507
1299846,365,73,5.712844811409271,6.93574323001862,37.09250247656156,29.895173565080775,-0.021677344466143333,15.082191780821917,16.39537188288458,104.52487133591173,78.92473118279571,-4.709134749511778,6.9452054794520555,8.263601642450828,49.70909971095235,36.344086021505376,-0.4503288844930988
1308157,365,73,17.58266091199099,22.036595912073302,24.293474541145684,26.31811044854095,-0.7472075186345464,31.91780821917808,35.912374331656025,44.368208356212854,47.77527168341194,-3.640274927082208,23.71232876712329,28.2515607521338,32.192746710108,35.49313102316998,-1.8717085718915416
1557860,23,5,0.0,0.0,0.0,0.0,,0.0,0.0,0.0,0.0,,0.0,0.0,0.0,0.0,
1564322,365,73,2.812441358603866,3.4491249253955956,52.299520107083886,33.82342984811898,-0.005427887207790194,5.424657534246576,6.331049816643517,60.85660746720376,65.23887973640856,-2.387540838011863,3.1389432485322897,3.923150502925547,45.9647459424425,37.7500588373735,-0.3007775000760604
1612398,170,34,0.7197231833910034,0.7538826834103705,68.09400230680507,59.684361549497844,-1.5564202334630353,0.20588235294117646,0.5144957554275266,9.313725490196079,17.073170731707318,-0.19066147859922178,0.39075630252100846,0.4782169764768251,30.462184873949592,32.40418118466899,-0.028666719606130542
1612796,30,6,0.3472222222222223,0.5543389456520863,18.750000000000004,26.041666666666675,-0.3828124999999998,0.3333333333333333,0.5773502691896257,16.666666666666664,25.0,-0.4999999999999998,0.38095238095238093,0.5084322977157768,23.809523809523807,28.57142857142857,-0.16326530612244916
1613732,365,73,90.5488365547007,96.412844989765,182.22895285036515,114.81787508238929,-4.70624038695695,31.19178082191781,40.6864051206768,60.51141973005416,39.55184992183429,-0.016199331084261415,41.391389432485326,49.61240601205231,89.22376696957247,52.48517332936302,-0.5109874069359375
1617956,365,73,7.73189153687371,9.98892295577836,32.14419267165148,29.32093933463797,-0.00011297163600798577,12.73972602739726,14.586539112746081,62.988368164757844,48.311688311688314,-1.1326336380393487,7.561643835616438,10.081856754409792,29.95144102677688,28.675324675324674,-0.0188090132791634
1697830,365,73,22.314317883280165,23.167048606040773,314.9471397758763,207.24493708389974,-12.029414980365718,6.876712328767123,9.326644700526712,53.41676863713791,63.8676844783715,-1.1117104148254784,5.424657534246576,7.994861363349466,43.54981048995343,50.38167938931297,-0.551691463870186
1698589,365,73,12.160536686057423,16.35546595649774,31.642290326547094,34.990901776988245,-0.5931057932369397,17.10958904109589,21.17992070560913,43.296251378007376,49.2313756405203,-1.6715753876276542,14.013698630136986,18.181354290470676,35.617998774559794,40.32321639731967,-0.9686623409424657
1774995,365,73,16.303574779508345,22.839928439309503,45.535888881816604,58.05663214166387,-1.0198550049916224,12.287671232876713,18.459507703553047,36.19765702114171,43.75609756097561,-0.31938318949419675,12.332681017612524,18.53021167602187,36.16238779026897,43.91637630662021,-0.3295096009291003
1970378,365,73,5.938449990617376,8.655821748438408,34.29070442882573,36.42914700126625,-0.20381950516483438,6.589041095890411,9.504865372714368,34.74129920331912,40.42016806722689,-0.4515657317904156,5.812133072407045,8.49789067547621,34.3824214713604,35.65426170468187,-0.16029132824428594
1970512,365,73,12.29756990054419,13.971975291445196,96.68792044143939,64.21477845062417,-1.9780052171299336,15.150684931506849,17.178355288296924,74.555666641697,79.11301859799714,-3.501663183809005,8.033268101761253,10.52328116432878,37.60325220128487,41.94768035969753,-0.6893210150977056
1974303,365,73,18.15856633514731,25.256087520436186,35.04033358626507,43.23468175035074,-0.7903916813793859,15.150684931506849,20.50058468928971,34.69346041247405,36.07305936073059,-0.17963703475853587,14.731898238747556,19.18408388856648,38.076353517797834,35.075948187494184,-0.032994557404628866
1975335,365,73,8.903781197222745,11.562455844529302,32.22452453737657,32.01852351710642,-0.31328008925575923,7.780821917808219,10.091363457846327,35.24936697333723,27.980295566502463,-0.0003612996464423812,8.616438356164384,11.176663554888734,32.14796721281362,30.985221674876843,-0.22710447827225022
1975831,144,29,6.371814092953522,7.01896636227394,72.89020949065926,77.31489903583771,-4.685045619699577,5.310344827586207,6.011483264094043,59.94651899824313,64.43514644351464,-3.1701427003293086,4.379310344827586,5.162864748741061,48.894209239036826,53.13807531380753,-2.075878155872667
1985866,365,73,9.22663726778007,13.241347458275913,36.7497518079154,43.17593080435545,-0.5224585188166435,13.479452054794521,17.14403127094611,54.563883735723216,63.07692307692307,-1.5521547566285165,14.019569471624266,17.593299357302197,57.417931179257664,65.60439560439559,-1.6876684297307833
1987567,365,73,64.19309438919122,82.48277597031736,45.78926765450066,52.399596225102975,-1.4729535056655334,90.5068493150685,104.60696171075884,69.95812476477018,73.87901151738791,-2.9775036809157287,82.36399217221135,97.64708839468662,62.31354044151972,67.23215284100894,-2.465836012504777
1996953,365,73,13.334818915368738,15.02648604584901,50.984772476258534,42.14033683211766,-1.578402431054065,16.643835616438356,19.09421485937273,48.760811126330935,52.5974025974026,-3.1633166905950674,11.450097847358121,14.606639855645065,31.469436419411124,36.18429189857761,-1.4363320582695551
2044840,365,73,13.684978419966223,14.909831335850233,142.1999907909951,86.94546776827976,-1.866119232816394,6.863013698630137,9.092372235930089,68.48193906883661,43.60313315926893,-0.06586746667311849,6.311154598825831,9.93446515858504,41.98758331268281,40.09697873927639,-0.27244135115638723
2062068,365,73,3.918465002814787,5.257388085371163,31.123851077175036,29.278192958595646,-0.0817415028935693,5.123287671232877,6.690823812332173,34.0021266158908,38.28045035823951,-0.7520343115654651,4.589041095890411,6.082762530298219,31.844067624962374,34.28863868986694,-0.44805528627243607
2080264,365,73,20.111840870707457,26.144889819077783,55.799825155435826,62.68848776949806,-1.271722414096323,15.273972602739725,21.7265067576546,45.15430085393683,47.60888129803587,-0.5687778222642974,13.365949119373777,19.514329552145092,44.79769324162733,41.661583506160795,-0.2655779543442056
2080742,365,73,19.175736535935446,25.224175057243126,61.069069362249614,64.24179748156436,-1.1168671701260773,18.78082191780822,24.883013956545614,60.14691390255721,62.91877007801744,-1.0599924580981175,13.164383561643836,19.400225379056227,56.060412159300796,44.10279944928867,-0.25219860226102675
2086257,365,73,43.89580596734847,50.933067287472376,47.0140232294931,51.36069619516651,-2.841419826268226,50.465753424657535,56.76362910386453,55.29153298833042,59.04792434685046,-3.7712527016205,27.36986301369863,35.69160140647802,28.49969955996748,32.02436287866645,-0.8863582683619886
2088981,365,73,7.8819196847438535,9.149152550923777,53.94049550032416,40.09617679347047,-0.18642531424376685,9.863013698630137,11.156422070926572,71.0005827937883,50.174216027874564,-0.7641216866764899,9.442270058708415,10.699846761317824,67.56395072016846,48.03384768541563,-0.6226833590274998
2122081,365,73,50.082191780821915,80.09959553880064,44.815158537001395,54.02689522683611,-0.6259400001559812,50.082191780821915,80.09959553880064,44.815158537001395,54.02689522683611,-0.6259400001559812,32.935420743639924,67.65624602727125,28.54728857908443,35.52956574975195,-0.16000447026784537
2130295,365,73,8.485597673109403,13.440653473360406,62.3833838823172,47.64989462592203,-0.13262717921507083,8.534246575342467,13.51356497583685,61.76506952618137,47.92307692307693,-0.14494883300665218,8.906066536203522,13.961116576740267,59.20285356904004,50.01098901098901,-0.22204308389489102
2135234,26,6,0.6666666666666666,0.9363047936792093,30.555555555555557,40.0,-0.5779999999999998,0.6666666666666666,1.0,27.777777777777775,40.0,-0.7999999999999998,0.6666666666666666,0.9110060223670948,31.746031746031743,40.0,-0.4938775510204081
2136223,365,73,22.438215425032837,26.646668731649676,35.76475610733363,31.146410458782984,-0.05957628550818561,19.753424657534246,26.827199446401153,26.43287633336961,27.41966153261076,-0.07398214208706744,21.585127201565562,26.1664635220606,33.53406487514259,29.962241599434986,-0.021730704514526744
2137696,365,73,5.087539876149371,6.395635738701666,24.853977080390315,24.2897587285091,-0.045599648873709375,5.095890410958904,6.550122868240038,24.123943496060747,24.32962720732505,-0.0967228212901492,5.095890410958904,6.550122868240038,24.123943496060747,24.32962720732505,-0.0967228212901492
2146509,35,7,0.2959183673469387,0.3571428571428572,23.979591836734688,25.89285714285714,-0.04166666666666652,0.14285714285714285,0.3779644730092272,7.142857142857142,12.5,-0.1666666666666663,0.24489795918367344,0.34992710611188266,18.367346938775505,21.428571428571423,0.0
2182456,365,73,4.2548789641583795,5.250679079297262,52.296268155971724,36.116995858553686,-0.11531764317381277,4.260273972602739,5.696670500785573,36.62125746936384,36.16279069767442,-0.3128340216203087,5.244618395303326,6.799250069650693,40.132113451441185,44.518272425249165,-0.8702068827044971
2191767,39,8,0.06451612903225801,0.06451612903225801,6.451612903225801,6.451612903225801,,0.0,0.0,0.0,0.0,,0.0,0.0,0.0,0.0,
2210109,38,8,0.5833333333333334,1.0540925533894598,26.562500000000007,38.88888888888889,-0.11111111111111116,0.5,1.118033988749895,15.625,33.33333333333333,-0.25,0.5,1.118033988749895,15.625,33.33333333333333,-0.25
2217391,365,73,20.70158566335147,27.36203921833634,25.04385634931272,28.67038044820067,-1.0461959964078806,15.780821917808218,19.719957209100812,23.928716368853348,21.855435401252134,-0.06282618328628642,19.39530332681018,26.21082350215058,23.34397184467495,26.861262433260162,-0.8776370250309147
2263188,365,73,57.38745543253896,101.30400680341683,57.62719247526012,49.425250667476924,-0.004811732035344907,59.054794520547944,114.16648501802034,38.19208574630315,50.86125530910807,-0.27617052967697053,54.65362035225048,102.62089633476849,49.43138243121109,47.07072069035258,-0.031105393139069903
2277628,365,73,93.57191780821917,95.45245541422699,224.28691774982954,161.63629910080454,-24.631521091588066,25.383561643835616,29.65532593252658,47.51758888585524,43.847610033128255,-1.4740334880794133,14.246575342465754,18.97149989376639,43.3597111363988,24.609559867486986,-0.012519756784350244
2281006,365,73,43.04583411521862,48.46197349783576,50.80485968165098,42.10566649351413,-2.949706903967982,31.328767123287673,36.9544332521323,37.71054857371304,30.64451293045692,-1.2966550468107885,23.21722113502935,28.80777975561222,27.923777878178285,22.710131888746385,-0.3956684262551471
2283815,21,5,0.4375,0.8682777493406127,17.916666666666668,31.25,-0.17797851562499956,0.4,0.8944271909999159,13.333333333333334,28.57142857142857,-0.24999999999999956,0.4,0.8944271909999159,13.333333333333334,28.57142857142857,-0.24999999999999956
2304980,26,6,0.4666666666666666,0.4760952285695233,36.666666666666664,35.0,-0.019999999999999796,0.3333333333333333,0.5773502691896257,16.666666666666664,25.0,-0.4999999999999998,0.5238095238095237,0.5281207860194961,45.23809523809524,39.28571428571428,-0.25510204081632626
2307285,33,7,0.3131868131868131,0.7422464815621411,12.637362637362646,24.35897435897435,-0.12481508875739644,0.2857142857142857,0.7559289460184544,9.523809523809524,22.22222222222222,-0.16666666666666652,0.38775510204081626,0.7142857142857142,21.088435374149654,30.158730158730158,-0.0416666666666663
2311905,161,33,1.2481060606060606,1.389600512137691,91.62878787878786,58.01056338028169,-0.17477522695530712,8.848484848484848,8.940883286308683,613.3333333333333,411.2676056338028,-47.63351955307262,2.5974025974025974,2.865571981809453,206.4069264069264,120.72434607645874,-3.9957131455934327
2320422,365,73,10.495449427659972,13.44583919189889,18.520389063395264,18.351324747764743,-0.027914114929529665,10.58904109589041,13.640692546593261,18.361824672269687,18.51497005988024,-0.05792247698101938,10.424657534246574,13.344063104189795,18.64032573818649,18.22754491017964,-0.012411752499606576
2321687,30,6,0.27777777777777785,0.37267799624996495,20.833333333333336,23.809523809523814,0.0,0.16666666666666666,0.408248290463863,8.333333333333332,14.285714285714285,-0.19999999999999996,0.3571428571428572,0.39123039821797584,29.761904761904773,30.61224489795919,-0.10204081632653073
2321695,26,6,0.0,0.0,0.0,0.0,,0.0,0.0,0.0,0.0,,0.0,0.0,0.0,0.0,
2333818,35,7,0.5612244897959183,0.5758755534498964,51.02040816326531,43.65079365079365,-0.6249999999999996,0.2857142857142857,0.5345224838248488,14.285714285714285,22.22222222222222,-0.3999999999999997,0.2857142857142857,0.5345224838248488,14.285714285714285,22.22222222222222,-0.3999999999999997
2356943,26,6,0.050000000000000044,0.050000000000000044,5.000000000000004,5.000000000000004,,0.0,0.0,0.0,0.0,,0.0,0.0,0.0,0.0,
2357514,365,73,5.296162507036967,7.315197557991264,31.09151166301744,34.76797329259879,-0.5170182813946311,4.821917808219178,6.762102291244956,29.70415902267937,31.654676258992804,-0.2962899913819701,5.966731898238746,8.01080832637597,34.0911809726857,39.170092497430616,-0.8192457823440473
2360351,29,6,2.6666666666666665,2.7688746209726918,255.55555555555557,200.0,-12.799999999999999,0.3333333333333333,0.816496580927726,11.11111111111111,25.0,-0.19999999999999996,2.238095238095238,2.3589459193334927,217.4603174603175,167.85714285714286,-9.016326530612245
2393809,365,73,15.930099455807845,22.725338946032185,46.322807852584475,57.68339584692325,-0.9112647783524912,16.753424657534246,23.37338376215884,49.63525408182432,60.66468253968254,-1.0218237653686533,13.592954990215263,20.808860287874747,37.88639395441766,49.220521541950106,-0.6024950856932416
2395826,25,5,0.66,1.3,22.500000000000007,41.25,-0.17361111111111094,0.6,1.3416407864998738,15.0,37.5,-0.24999999999999978,0.6,1.3416407864998738,15.0,37.5,-0.24999999999999978
2440612,365,73,30.77880465378119,34.33101524988478,66.17132405824785,62.88420766095793,-3.1657824846822296,39.16438356164384,42.42237068159411,79.09705409631817,80.01679261125105,-5.360820865329642,39.4344422700587,42.684816621730405,79.53772534914351,80.56854983807123,-5.439766731285312
2458608,365,73,82.6291518108463,112.22991102965443,51.72332343060065,46.632609835266955,-0.10183934484014912,85.12328767123287,106.94013175988665,64.83952571865831,48.040201005025125,-0.00042023796434365046,146.90998043052838,164.994457764783,144.03385046401135,82.9101551714617,-1.3814405901070468
2463598,365,73,11.643647963970725,18.491461110032972,28.43823791871135,33.78323932312651,-0.3523117067400101,13.36986301369863,20.205112604053106,31.934513224020495,38.79173290937997,-0.6145700829569418,10.050880626223092,16.305632067665556,28.278812987388175,29.16193504428799,-0.05150084845322023
2463599,365,73,10.784246575342467,16.518591642843337,34.11872143455062,39.48094282848545,-0.3677148959605099,13.0,18.739380554373824,39.3007520603453,47.592778335005015,-0.7601918442671523,9.634050880626225,15.04178319956635,34.081643441514565,35.2700960022926,-0.13409175309829946
2463924,28,6,0.36363636363636354,0.36363636363636354,36.36363636363635,36.36363636363635,,0.0,0.0,0.0,0.0,,0.8571428571428573,0.8571428571428572,85.71428571428574,85.71428571428574,
2465446,43,9,0.3856209150326798,0.39654408659130763,34.96732026143792,34.70588235294118,-0.5921280276816614,0.1111111111111111,0.3333333333333333,5.555555555555555,10.0,-0.125,0.5555555555555556,0.5573666624152203,53.17460317460316,50.0,-2.1454081632653055
2474454,365,73,5.319431413023081,6.7753272673472,28.730709327941256,31.215312954235124,-0.5143497740497711,8.123287671232877,9.745388793666779,42.10250466574074,47.66881028938907,-2.1330258759440386,5.428571428571428,6.915116962534716,29.048765782938656,31.855764813964164,-0.5774830521536332
2483897,365,73,6.103443422781011,8.500831287378217,33.519645642631176,35.90260836930006,-0.43897481671636474,6.8493150684931505,9.285428265954769,36.06646014524026,40.290088638195,-0.7168576104746318,5.138943248532289,7.229107442051363,34.189186404958214,30.229077932542875,-0.04063818653484308
2483898,365,73,6.310752486395195,8.982061311756011,33.162049542801384,37.45405947210156,-0.4822412378384713,6.082191780821918,8.022229389861751,48.23440903907679,36.09756097560975,-0.1823798327208035,5.36986301369863,7.908725890146873,31.445474191319327,31.869918699186993,-0.14915843256772865
2493662,365,73,5.276130606117471,7.081333908456971,45.77429129223958,36.0634395361962,-0.006486768461254622,17.643835616438356,18.749246560204558,171.19515286313012,120.5992509363296,-6.05578865695927,7.724070450097846,8.616174788729376,74.75842663561436,52.7956126270733,-0.4900708692151752
2495843,220,44,9.499999999999998,9.665024915206905,570.6336088154271,351.26050420168065,-28.53568512167238,2.6136363636363638,2.903759318851716,179.040404040404,96.63865546218487,-1.6660133921280411,5.204545454545454,5.450868426665951,332.3232323232323,192.43697478991598,-8.39447449729524
2496572,365,73,3.868690185775943,5.498051694359785,27.426888120878225,29.63424801276431,-0.3121125885802718,3.9863013698630136,5.689451908022304,27.57370745734793,30.535152151101784,-0.4050582389834647,5.225048923679061,6.867694100153623,34.94472212590177,40.02398441013342,-1.0472710710088382
2496573,365,73,4.701304184650029,6.223756122328345,24.73281329854034,26.959560524701658,-0.3164345001977016,5.876712328767123,7.681145747868608,29.036231773689753,33.699921445404556,-1.0051466180278315,4.692759295499021,6.203473735354977,24.744909526918285,26.910559982044663,-0.3078683138412699
2499247,365,73,8.134875211109026,8.997529555019584,79.77589793480865,60.534749277365854,-0.9646968444590176,5.767123287671233,8.413133893966519,35.569350212549665,42.91539245667686,-0.717768305234491,4.256360078277886,6.42591813041861,34.817928267959466,31.673219746614244,-0.0021191469729406887
2502989,365,73,9.654484893976356,12.345955009045753,52.95103737934367,60.70434084929147,-1.4388532127308218,12.904109589041095,15.133198559132731,76.1053000060951,81.13695090439276,-2.6643567031977184,6.317025440313112,9.155721136095494,37.35120352594937,39.719453672942045,-0.3412860114771026
2503195,365,73,6.3521298555076005,8.860655293765857,41.7433554554923,31.3526355275223,-0.02895190524674529,13.315068493150685,15.87882194312191,59.8666666673976,65.72008113590265,-2.3044558229672365,10.099804305283758,13.045146441521384,44.014773399047534,49.85028494156283,-1.2302898612262565
2504573,365,73,10.780728091574405,16.437855300588716,36.40136224763839,43.28895218288953,-0.5540745677466705,14.068493150684931,19.162248845631815,48.638079928696854,56.49064906490649,-1.1119055842165473,10.483365949119376,16.154456113851634,35.59437571169271,42.0949237780921,-0.5009500124007555
2513423,365,73,31.40795646462751,42.650880170087554,63.19974196666621,42.99232743142337,-0.5963560355579738,35.3013698630137,45.868633147820255,64.7791039877603,48.32177011063191,-0.8463131376838968,35.63600782778866,46.1598697530878,64.91484978156704,48.779834453939095,-0.8698333956063022
2515961,25,5,0.1499999999999999,0.1499999999999999,14.999999999999991,14.999999999999991,,0.0,0.0,0.0,0.0,,0.2857142857142858,0.2857142857142858,28.57142857142858,28.57142857142858,
2521075,365,73,6.6247888909739165,7.865569843694408,46.87854897068364,33.866217719964695,-0.13418781219468512,9.082191780821917,11.307047141871001,40.09444165270911,46.42857142857143,-1.3438132129735383,9.40508806262231,11.63492760600515,41.46774129299672,48.07923169267708,-1.4817153292768448
2521076,365,73,54.15833176956277,63.51494440957555,29.151946474161683,31.786124933092797,-2.390537705146847,27.84931506849315,34.52158348088044,17.18731339105108,16.345071554912366,-0.0016088433550243142,60.199608610567516,69.04575834818844,32.701466731694076,35.33181724209221,-3.00673612489323
2525886,365,73,18.536686057421655,21.751871860662295,32.031171476842815,26.84877147205914,-0.006135654794398038,36.83561643835616,41.991682150909526,70.56847783588054,53.3531746031746,-2.749642060200925,19.49119373776908,23.051012456865166,36.131479260232084,28.2312925170068,-0.12990850591939096
2529789,365,73,2.9418277350347153,3.573032371847244,32.30944750085302,29.70310161238371,-0.15294536334056374,2.808219178082192,3.3289926075048464,35.905665871419295,28.354080221300137,-0.0008303958785247367,2.843444227005871,3.4135761448558757,33.180287857391576,28.709741157873943,-0.05233499988932655
2533797,365,73,4.855273034340402,6.027001271238696,28.932986245642372,23.80355483592004,-0.0008404985212915328,7.109589041095891,8.787444343049449,32.54307561456025,34.8556077904634,-1.1275877401609002,5.882583170254403,7.543666563935906,28.06213890198234,28.840065240333875,-0.5679321756622322
2533798,365,73,6.248874085194221,8.654624559814566,29.239618671896444,26.629761133635622,-0.06251647057257692,6.273972602739726,8.75073382441458,28.85562083801856,26.736719206071218,-0.08624590731226878,9.348336594911935,12.02512280260241,36.077347096182145,39.838211992327565,-1.0512483546403892
2533799,365,73,45.43282041658848,49.67586860399392,178.0718583018284,85.85544629590885,-0.5166298321323233,51.534246575342465,58.29236656715869,213.8955702583913,97.38545172146,-1.0883920413878463,38.41095890410959,41.13892267554061,124.10261202775747,72.58607300025886,-0.040146432411099386
2536646,30,6,0.611111111111111,0.7817359599705717,37.03703703703703,40.74074074074073,-0.047619047619047894,0.5,0.9128709291752769,19.444444444444443,33.33333333333333,-0.4285714285714286,0.5952380952380952,0.7932538689979849,34.523809523809526,39.682539682539684,-0.07871720116618075
2552472,365,73,5.57933008069056,7.822398355077599,33.174797759175604,40.60728772586349,-0.7219620338392316,5.287671232876712,6.092888286456011,47.05297710267168,38.48454636091725,-0.044696513629690626,4.634050880626222,6.171303542982258,33.92643711735099,33.72738926078905,-0.071759967254859
2567814,365,73,67.71120285231751,70.5179441462446,246.27250157534232,163.8898477526253,-3.9202248008790326,142.45205479452054,145.20778687750536,503.2505961820069,344.7944297082228,-19.86245790414343,103.27005870841488,106.26609434255764,371.05382382947,249.95737021599092,-10.173136350201698
2587882,20,4,0.1875,0.1875,18.75,18.75,,1.0,1.0,100.0,100.0,,0.4285714285714286,0.4285714285714286,42.85714285714286,42.85714285714286,
2588826,365,73,7.281572527678739,9.716281534263409,30.165017719557145,28.30430215764366,-0.16010831115764024,6.986301369863014,9.025079212645203,33.867302149042395,27.15654952076677,-0.0009223858432221288,6.835616438356165,9.050088927134423,31.98515617597596,26.57082002129925,-0.006477454584027154
2589306,365,73,111.20031900919496,114.96479855639302,317.40266876557166,214.86562434280657,-11.281248463381127,24.534246575342465,33.59611034237425,66.04490494393863,47.40603493912123,-0.048795343116313505,22.589041095890412,32.8921748071615,57.34793629804853,43.64743250397036,-0.005305206340340041
2589307,365,73,271.513698630137,272.3946635669026,517.4693185823928,452.6261703585293,-153.85057809659497,17.054794520547944,21.979754071442564,28.696183454698705,28.43114866407856,-0.008233906384498502,22.608610567514678,25.68771730303074,45.5145672482353,37.68962254917953,-0.3771037691753971
2759740,365,73,6.896556577218989,8.786190337428645,36.4258740456666,40.051601442878784,-1.047377035514502,9.32876712328767,11.07694137101873,49.24075402925965,54.17661097852029,-2.2541407043178787,8.41095890410959,10.259642974909154,43.92324554319107,48.84645982498011,-1.7916509067744308
2818425,365,73,12.304794520547945,16.48123154229334,44.655203412103475,49.435883324160706,-0.8412884661373332,12.849315068493151,16.99717945981159,46.17961448377205,51.62355531095212,-0.9583766882996287,14.07632093933464,18.131281266304423,50.03596998121764,56.553188143722,-1.2284325905708848
2821975,365,73,17.58481891536874,21.693874228003953,40.26340498050407,31.99630560373674,-0.19410907814885103,25.47945205479452,31.891511302393383,40.57916540783316,46.360917248255234,-1.5805956746595924,29.373776908023483,35.34641854397611,47.79333150166121,53.44680244979347,-2.1700097322578693
2829461,365,73,15.01543441546256,22.44749952744661,41.6586373700629,54.506549593673135,-0.7723735898136561,11.506849315068493,18.904228707188736,32.37835344957677,41.7702635504724,-0.2570057186306969,12.181996086105674,19.964862900331138,32.306183065804525,44.221069830219506,-0.40201284388484093
2835691,365,73,9.804466128729592,10.636454837696412,102.13250904764912,73.63436495856585,-2.0388314280529842,4.301369863013699,6.241706826629159,35.29423628080934,32.30452674897119,-0.0464525494465613,4.35225048923679,6.30809039829187,34.87790254026822,32.68665490887713,-0.06882997558788806
2838142,365,73,87.2066522799775,152.09306661534617,40.17582939502547,53.519004761987034,-0.47336439123408214,68.93150684931507,129.30901715583573,37.350662932332085,42.30348886086591,-0.06499840630185605,80.4637964774951,125.76286754757182,58.160659958304265,49.380892331712,-0.007386667693555671
2838482,365,73,16.453743666729217,19.0891086796116,56.10919152528977,61.125867057060205,-2.7616830033706554,10.095890410958905,12.125485444314135,52.13710509079076,37.50636132315522,-0.5177811785672772,7.663405088062621,10.08590443487839,31.847062827182427,28.469647400945107,-0.050124017682699806
2839827,365,73,63.15068493150684,66.46590870573284,63.62619292677406,65.2235427277872,-9.28074154749916,28.589041095890412,34.695347285877844,26.668309621419912,29.52744765138653,-1.8013606624528258,48.96477495107633,53.171958763712276,48.30167081391721,50.571994502384996,-5.579484475069761
2840124,365,73,3.3091105273034347,8.007280681397239,40.303768017237566,37.451948603589265,-0.010030218691986503,3.3013698630136985,8.011122405242652,40.01856612313877,37.36434108527132,-0.010999633444088275,3.4187866927592956,7.971801715343999,44.344745503754346,38.69324473975637,-0.0010994867493292482
2849366,35,7,0.1071428571428572,0.1071428571428572,10.71428571428572,10.71428571428572,,0.0,0.0,0.0,0.0,,0.1428571428571428,0.1428571428571428,14.28571428571428,14.28571428571428,
2850518,30,6,0.04166666666666674,0.04166666666666674,4.166666666666674,4.166666666666674,,0.0,0.0,0.0,0.0,,0.0,0.0,0.0,0.0,
2853868,365,73,33.16283542878589,42.34935342486171,37.58878648812882,44.3792298130407,-1.3488808709797602,23.684931506849313,28.573625160180857,39.92726546237835,31.695692025664528,-0.06929641142398735,22.493150684931507,27.684653394031603,35.7754357186827,30.100824931255726,-0.0037963314948834537
2853869,365,73,42.71420529179959,75.56002213484209,39.11959552374721,51.710397782775615,-0.42166458716241073,36.24657534246575,63.3868315264212,49.913749659814606,43.88059701492537,-0.0004861470064811968,33.917808219178085,63.71447438828435,42.39877517619988,41.06135986733002,-0.010855787882902757
2864504,365,73,10.670482266841809,16.56012547284854,34.75706629339518,42.4262094487719,-0.5714591407053116,13.315068493150685,18.6400658473762,45.087690522905525,52.94117647058824,-0.9909975784217162,10.780821917808218,16.65977026268608,35.107919641664424,42.86492374727669,-0.5904274537297898
2865905,23,5,0.3666666666666666,0.4074915737976054,29.44444444444444,30.555555555555554,-0.037808641975307866,0.2,0.4472135954999579,10.0,16.666666666666664,-0.24999999999999956,0.2857142857142857,0.4040610178208843,19.999999999999996,23.809523809523807,-0.020408163265306145
2869026,365,73,92.36428035278664,132.11233439368613,37.98973142618521,45.79632184849164,-0.932191979045377,95.20547945205479,134.15785018821407,39.564887135195214,47.205053317937924,-0.9924880368362614,69.0,113.30544244506189,26.668909418766845,34.211777491000475,-0.421232348685584
2870095,365,73,14.37675924188403,18.175233141208576,17.870024667125243,17.860847934947824,-0.027810964452364306,16.63013698630137,19.435879827204484,23.101352449412094,20.660313138189245,-0.17533501795948503,15.767123287671232,18.55719008594615,21.40995373862565,19.588155207624233,-0.0714642821158118
2871707,22,5,0.23529411764705888,0.23529411764705888,23.529411764705888,23.529411764705888,,0.0,0.0,0.0,0.0,,0.0,0.0,0.0,0.0,
2874493,365,73,16.453509101144682,18.035231478914532,159.03412022423032,97.17687414106486,-1.8158002197912881,8.232876712328768,10.945068320844106,71.92323349131868,48.62459546925567,-0.03703962416177187,15.602739726027398,17.25359698411121,151.33526780757592,92.15210355987054,-1.5770194462096327
2898123,27,6,0.09523809523809534,0.09523809523809534,9.523809523809534,9.523809523809534,,1.0,1.0,100.0,100.0,,0.1428571428571428,0.1428571428571428,14.28571428571428,14.28571428571428,
2904822,27,6,0.0,0.0,0.0,0.0,,0.0,0.0,0.0,0.0,,0.0,0.0,0.0,0.0,
2910135,365,73,11.013792456370803,16.773883105529883,35.834118562136474,42.450203237332026,-0.5914969080437564,12.41095890410959,17.873988140725466,40.8200107374191,47.83526927138332,-0.8070971700055836,10.690802348336597,16.519005751570166,34.744329779093775,41.205310001508536,-0.5434991109301719
2913669,27,6,0.09523809523809534,0.09523809523809534,9.523809523809534,9.523809523809534,,0.0,0.0,0.0,0.0,,0.2857142857142858,0.2857142857142858,28.57142857142858,28.57142857142858,
2931572,365,73,25.149793582285614,26.162495673480585,226.11217072126394,161.1883170769842,-8.891510319776117,9.684931506849315,12.704761269071906,53.31702204113178,62.071992976295,-1.332583971059611,7.592954990215265,10.984855002161254,39.60045184596412,48.66424181612944,-0.7437849566957859
2942919,365,73,38.05653030587353,48.85979451531509,38.02151302851947,40.12894283300256,-0.3919882969830326,39.28767123287671,51.040945153785906,37.652086494199736,41.427126968077424,-0.5190418095020302,50.585127201565555,64.46759007853456,44.692175845218365,53.33979901363983,-1.4233446440459412
2976740,37,8,0.1508620689655173,0.3428824448508852,9.051724137931041,13.40996168582376,-0.07491082045184294,0.125,0.3535533905932738,6.25,11.11111111111111,-0.1428571428571428,0.125,0.3535533905932738,6.25,11.11111111111111,-0.1428571428571428
2982578,35,7,0.24489795918367344,0.3499271061118826,18.367346938775505,21.428571428571423,0.0,0.14285714285714285,0.3779644730092272,7.142857142857142,12.5,-0.16666666666666652,0.24489795918367344,0.3499271061118826,18.367346938775505,21.428571428571423,0.0
2998014,365,73,8.418324263464065,10.681831851946887,50.827564014311456,39.52010747478307,-0.21857514399317046,6.397260273972603,10.22419906766992,28.89984740327242,30.032154340836016,-0.11639898834026097,7.931506849315071,10.309157346199816,47.03748657711152,37.23472668810291,-0.13502957327240717
3020707,365,73,28.25741227247138,40.8233061786981,40.652024282391295,45.5563404569437,-0.33916367562789596,33.863013698630134,47.64681708238434,43.6517646676743,54.59363957597173,-0.8242531312229011,29.375733855185906,42.76290683205325,39.822549876914984,47.359288238263495,-0.46943963598068783
3048674,45,9,0.40740740740740733,0.4303314829119352,33.33333333333333,33.33333333333333,-0.0714285714285714,0.7777777777777778,0.8819171036881969,77.77777777777779,63.63636363636363,-3.500000000000001,0.6190476190476191,0.6441785361175563,58.730158730158735,50.649350649350644,-1.4008746355685129
3072057,365,73,4.571636329517734,5.766148072623636,64.40701207606268,44.49726027397261,-0.09799379368895944,9.273972602739725,10.783676146513152,85.41591260005951,90.26666666666667,-2.8402719250409008,4.729941291585128,6.010172161902809,61.042090287393314,46.038095238095245,-0.19289475494724218
3158672,37,8,0.06896551724137923,0.06896551724137923,6.896551724137923,6.896551724137923,,0.0,0.0,0.0,0.0,,0.2857142857142858,0.2857142857142858,28.57142857142858,28.57142857142858,
3217676,365,73,8.981375492587727,12.628540166641457,37.90420261019197,42.601716111689676,-0.56447372659831,9.26027397260274,12.932914365006935,38.576043827639445,43.92462638076673,-0.6407967159398411,7.397260273972603,10.308926840497984,40.42941004974558,35.08771929824561,-0.04253078806398758
3230023,177,36,0.8611111111111112,1.2375581698780058,42.10598896769109,46.26865671641791,-0.1413968315618237,0.8611111111111112,1.4433756729740645,29.537037037037035,46.26865671641791,-0.5526164462334673,0.8611111111111112,1.1583767671590612,54.85449735449737,46.26865671641791,-1.173557404565706e-05
3241325,365,73,7.496434603115033,8.62792154647035,93.81240230985182,57.302589112816484,-1.573610029843001,8.246575342465754,9.708067539035035,58.52121424362614,63.03664921465969,-2.2583365771376673,9.434442270058709,10.801963498916583,67.26937950465847,72.11667913238593,-3.033998909022543
3255878,365,73,7.961062112966787,10.020810116515301,57.04361341322147,45.509595477413896,-0.5451166517483328,4.273972602739726,8.438333926318322,23.96654664990653,24.432263116679717,-0.09564288395460974,4.273972602739726,8.438333926318322,23.96654664990653,24.432263116679717,-0.09564288395460974
3263113,165,33,0.8292011019283746,1.0640636282472387,60.514233241505956,51.6295025728988,-0.04138513513513509,0.6060606060606061,1.2060453783110545,21.01010101010101,37.735849056603776,-0.3378378378378377,0.8398268398268398,1.0725102764707835,62.395382395382406,52.2911051212938,-0.057984004412575896
3269540,191,39,0.6104925775978407,0.7089618591643984,42.934660368870894,42.51644736842105,-0.0006486150490925269,0.8205128205128205,0.9058216273156766,73.5042735042735,57.14285714285714,-0.6335078534031409,0.5457875457875457,0.7244695275059315,33.51648351648353,38.01020408163265,-0.04490330163478973
3290722,365,73,6.879292550197034,7.408154870485658,210.3004155567957,118.44065003876969,-4.508335452216822,2.780821917808219,3.3739534145917927,87.2291407222914,47.87735849056604,-0.14255848118431458,2.530332681017612,3.340645228029802,56.31954151523624,43.564690026954175,-0.12011080847753264
3295732,23,5,0.2,0.4472135954999579,10.0,16.666666666666664,-0.25,0.2,0.4472135954999579,10.0,16.666666666666664,-0.25,0.2,0.4472135954999579,10.0,16.666666666666664,-0.25
3297782,36,8,0.2321428571428571,0.331200660553418,17.85714285714285,20.634920634920633,-0.00291545189504383,0.125,0.3535533905932738,6.25,11.11111111111111,-0.1428571428571428,0.2321428571428571,0.331200660553418,17.85714285714285,20.634920634920633,-0.00291545189504383
3300235,30,6,0.5,0.6782841915041544,26.041666666666668,33.33333333333333,-0.8402777777777777,0.5,0.7071067811865476,25.0,33.33333333333333,-1.0,0.5,0.614451804788759,28.57142857142857,33.33333333333333,-0.5102040816326532
3301181,165,33,1.194674012855831,1.7708485252953914,47.35668372032008,52.56565656565656,-0.22401433691756267,1.2727272727272727,2.04494943258218,36.4069264069264,56.00000000000001,-0.6322580645161293,1.2164502164502164,1.6006724004557287,70.6617192331478,53.52380952380953,-6.583278472693799e-05
3302492,365,73,13.32304372302496,17.819797342606957,25.277537950639346,27.81190139493343,-0.7254898511888379,17.643835616438356,21.674427833689364,33.52517836507024,36.831569917071775,-1.5527140651734563,12.315068493150685,16.796526059612233,23.649759436705995,25.707749499571058,-0.5330129518938396
3307053,185,37,2.1506574141709276,2.9729806510957366,58.87059115099657,59.83031904084536,-0.4285788075560808,2.5945945945945947,3.594289765575241,52.51930501930503,72.18045112781954,-1.0880755608028339,2.2007722007722004,3.0340956393287093,58.153612796469936,61.22448979591836,-0.48791653615401276
3310005,365,73,19.74882717207731,23.69709493008271,39.93573144014769,32.922228443974504,-0.6262681307095768,14.095890410958905,19.010811631913814,26.79101408250314,23.498515642840832,-0.046654276103059056,16.160469667318985,22.507911819904386,24.231882645466765,26.94026685805631,-0.46714265861878945
3312928,365,73,6.665884781384875,8.869439879895108,27.63394383070804,31.27310983554601,-1.0236741875687883,4.506849315068493,6.650780158171578,19.948223107657103,21.143958868894604,-0.13787194191816776,4.859099804305283,7.1295570892244005,20.60914641302274,22.796547925082628,-0.30759516342017257
3314203,23,5,0.6333333333333334,0.9098229375970787,30.555555555555554,39.583333333333336,-0.29340277777777746,0.6,1.0,23.333333333333332,37.5,-0.5625,0.6571428571428571,0.8595205117995042,35.71428571428572,41.07142857142857,-0.15433673469387754
3314612,365,73,17.975229874272845,19.864827503392483,134.67458235099272,84.4939974772645,-2.594304857621441,9.438356164383562,12.755337319608067,41.71483874431893,44.36574372182872,-0.4819351861347554,11.996086105675145,13.727529482667736,90.89767619526361,56.3885567105142,-0.7164457578744758
3319422,365,73,6.734753237005067,8.31515030087716,25.443354288988395,25.473418979345592,-0.20924269773547755,13.808219178082192,15.52726281129288,66.0444694224968,52.2279792746114,-3.2166064981949454,6.3953033268101755,7.783986055697437,29.368680634090943,24.189489267209474,-0.05968640951621862
3328287,365,73,8.874132107337212,11.37669841157718,41.80934070028127,32.08576740146689,-0.06370977132035183,10.89041095890411,14.661009701908394,35.277175276046925,39.37592867756315,-0.7665194365363077,7.894324853228962,11.13424826758433,32.787856287297465,28.543126017123043,-0.018855184181078233
3331728,365,73,9.256098705197973,11.38661962536623,28.219877947185733,23.825641942152753,-0.26377219592407086,17.945205479452056,19.918326386205173,55.09561021516654,46.19181946403385,-2.867095159880159,7.816046966731898,10.13266763063074,21.572047048591685,20.118879709852912,-0.0007526863818936302
3342315,365,73,31.513276412084814,52.49517230660447,37.53565108934329,46.9867070686722,-0.39020575328680795,27.794520547945204,47.33341372428699,38.720973481401046,41.44199346405229,-0.1302538756314231,27.455968688845402,46.24318550618043,40.76263178098423,40.937208216619986,-0.07878732917399978
3352096,41,9,0.09375,0.09375,9.375,9.375,,0.0,0.0,0.0,0.0,,0.0,0.0,0.0,0.0,
3354522,34,7,0.18518518518518512,0.18518518518518512,18.518518518518512,18.518518518518512,,0.0,0.0,0.0,0.0,,0.0,0.0,0.0,0.0,
3357484,365,73,8.818399324451118,13.794119666741025,63.75105821216649,48.62108388859,-0.12175480290552798,8.561643835616438,13.05258070320573,86.3934672524971,47.205438066465256,-0.0043908170083588605,9.2426614481409,14.337177363017023,60.08918965122283,50.9602934829521,-0.21181765343194026
3358616,365,73,19.54794520547945,20.100400087883838,209.40311421729209,162.7137970353478,-17.445376351455547,3.863013698630137,4.788685294453486,36.29791457201623,32.155074116305585,-0.04691328410122875,5.090019569471624,6.551893878193531,36.62222920868889,42.36846391920508,-0.9598003277866498
3359659,365,73,12.839744792644025,15.104446522385636,42.18277834649486,35.11807305593908,-0.43896437448218784,15.835616438356164,17.699160261792162,52.69183186477802,43.31210191082803,-0.9758125221919753,15.835616438356164,17.699160261792162,52.69183186477802,43.31210191082803,-0.9758125221919753
3359660,365,73,7.281854006380184,8.617919161907848,73.02872054225855,54.408939863434334,-0.983566216270398,7.739726027397261,9.012168334102054,77.439716721917,57.83009211873081,-1.1692043222003927,6.68884540117417,8.115327515051046,67.21322592039424,49.9780669688551,-0.7589519429118023
3363449,365,73,5.006380183899419,5.811077740609936,114.49662112742386,55.796298232772145,-0.6091369196652123,4.602739726027397,6.063589966980883,54.847050040232716,51.29770992366412,-0.7520208884755704,3.4794520547945207,4.581080808047705,70.47615778279072,38.778625954198475,-3.5767937620612145e-05
3381668,365,73,32.706511540626764,54.90785368526083,36.4278125084959,41.7335315935283,-0.42945257266238945,54.67123287671233,71.17016074747842,64.50521863616324,69.76053137563363,-1.4015780671040194,42.11350293542075,61.619940387805485,47.88958991151484,53.73685919045123,-0.8002937046497689
3396206,365,73,13.885766560330271,15.901534619224261,82.61406890116547,54.20646839059411,-0.4542120967010861,9.178082191780822,14.332643075659373,37.72157498224939,35.82887700534759,-0.18141436292369595,13.193737769080238,15.326764200790983,78.03478787589263,51.504965622612694,-0.3509853097732458
3399392,365,73,14.473118784012009,20.109761964562022,35.14827177968514,32.93446606087521,-0.023350274326080056,22.301369863013697,29.61025368495973,42.73761410179279,50.748129675810475,-1.2186801957179108,24.005870841487283,31.01172143059623,46.87762515119671,54.626825792661215,-1.4336728588546759
3400522,365,73,37.88980108838431,46.31623548038931,59.769646531605424,68.54908251430123,-1.9703640293166504,45.273972602739725,52.64913586042334,76.3806516972014,81.90830235439901,-2.8381828915360865,39.9119373776908,48.060949910983865,64.07053671156957,72.20747034873428,-2.1983638706662445
3401086,365,73,10.592841058359918,11.511199132994445,167.56579518184563,104.63834874969879,-4.321037198770214,15.876712328767123,16.642493885825107,238.2020382941846,156.83355886332882,-10.122232604403719,3.8571428571428563,5.1483716901120395,47.013645112617404,38.101681809394925,-0.06437569376159713
3406573,365,73,23.009382623381498,26.163892271081398,102.87221284752425,64.90281806440686,-0.599000526869004,16.232876712328768,21.421727543755757,68.94502821867312,45.78825347758887,-0.07189657938408045,15.037181996086101,20.883973306531832,61.47788154134335,42.41554427025832,-0.01875595688573095
3408608,365,73,40.96472133608557,49.66546559239039,33.70823141108179,37.738827076403915,-1.9472604794514101,33.68493150684932,42.804269406825,27.353826274866883,31.03230691569914,-1.1891911101624344,29.827788649706452,38.69043755329497,24.417380086384654,27.478906757049103,-0.7886146380999277
3423241,40,8,0.5703125,0.5736737422089319,54.4921875,50.69444444444444,-2.0089285714285716,0.125,0.3535533905932738,6.25,11.11111111111111,-0.1428571428571428,0.2321428571428571,0.331200660553418,17.85714285714285,20.634920634920633,-0.00291545189504383
3423545,365,73,13.563098142240571,19.85082319587181,40.492566846192716,48.91828875412854,-0.4443300065478786,17.78082191780822,24.228930968790408,51.22289352794244,64.13043478260869,-1.1516810577850287,14.131115459882581,20.67826005531636,40.44745665973396,50.9669678147939,-0.5672467470246303
3429491,365,73,7.337492963032465,9.75967794382957,46.14682721369612,36.562251624666885,-0.03308567625544945,8.397260273972602,10.375814871448668,55.61391003009373,41.84300341296928,-0.1676422340629058,6.741682974559687,10.219111938512734,33.011634158190915,33.59336908824964,-0.13263943745113793
3436127,365,73,12.785700881966598,15.62780768544026,18.064696576452356,17.97681364375119,-0.025821844171976638,12.931506849315069,16.25819077029445,17.58405365781321,18.181818181818183,-0.11024865771494707,12.835616438356164,15.971292739813578,17.70519021178174,18.04699537750385,-0.07141066828928433
3437179,365,73,13.528241696378307,17.77285213033316,32.15546979560793,28.095637093474153,-0.1423547535509968,13.67123287671233,20.02122161778579,24.86925149183821,28.392603129445238,-0.44966576859649976,10.931506849315067,17.494741412086142,21.19880764505766,22.702702702702698,-0.10688319330908413
3437232,365,73,35.4041095890411,35.931619785804266,455.512993733921,311.3855421686747,-33.30959772006463,4.328767123287672,6.285447423618186,48.47747094242917,38.0722891566265,-0.04986735284144195,4.951076320939334,7.140978226458334,43.913540206468845,43.54561101549053,-0.3551190567783573
3437674,180,36,0.6990740740740741,0.8026768487111049,51.18955761316872,44.15204678362573,-0.019536019536019467,0.5833333333333334,0.9860132971832694,23.379629629629626,36.84210526315789,-0.5384615384615385,0.8531746031746031,0.9721169363139811,73.11507936507937,53.884711779448615,-0.4954025566270466
3441391,27,6,0.1428571428571428,0.1428571428571428,14.28571428571428,14.28571428571428,,0.0,0.0,0.0,0.0,,0.0,0.0,0.0,0.0,
3442363,24,5,0.0,0.0,0.0,0.0,,0.0,0.0,0.0,0.0,,0.0,0.0,0.0,0.0,
3444548,365,73,24.195064740101333,29.949843134344036,27.468950616474665,30.058538564115,-0.6169522391048585,22.91780821917808,28.191857369066838,26.740927080995274,28.471749489448605,-0.4327006798532993,19.684931506849313,24.51289505632686,29.872462829675506,24.455411844792376,-0.08317168786231144
3446403,365,73,24.648855319947454,33.640784695286435,28.70781780487639,30.4564393763738,-0.15208229619013913,91.06849315068493,96.31085516138774,143.38923872745906,112.52538930264049,-8.442820759496378,28.084148727984342,32.83311041467707,41.93014465193219,34.70113163748911,-0.09742619496244731
3457259,365,73,11.28363670482267,11.868582403312312,211.18004027342246,148.148467527348,-9.35279210569868,3.808219178082192,5.16574597777023,40.52807218887205,50.0,-0.9612180724885531,3.49706457925636,4.048800717729518,65.96666402463632,45.91469681397739,-0.20479344714108993
3460968,365,73,8.053527866391443,10.584198173937196,55.6051033607475,42.944304912094616,-0.012916440436398391,9.219178082191782,11.006224888733188,76.06340683220832,49.159970781592406,-0.09530345962638087,8.726027397260273,10.67248204861448,68.89025501742466,46.53031409788166,-0.029884591398702254
3461667,43,9,0.3529411764705883,0.3529411764705883,35.29411764705883,35.29411764705883,,0.0,0.0,0.0,0.0,,0.2857142857142858,0.2857142857142858,28.57142857142858,28.57142857142858,
3464295,30,6,8.11111111111111,11.349253524155479,64.25974488474489,88.48484848484847,-0.9875696528075439,8.166666666666666,11.467344941179714,59.8416860916861,89.0909090909091,-1.0291470210030003,8.023809523809524,11.166184373786228,71.2024087024087,87.53246753246754,-0.9239658143583191
3464356,22,5,1.823529411764706,1.823529411764706,182.3529411764706,182.3529411764706,,0.0,0.0,0.0,0.0,,0.2857142857142858,0.2857142857142858,28.57142857142858,28.57142857142858,
3464632,29,6,0.26086956521739135,0.26086956521739135,26.086956521739136,26.086956521739136,,0.0,0.0,0.0,0.0,,0.0,0.0,0.0,0.0,
3466168,365,73,14.976027397260275,15.669625615083152,181.55182290481514,129.225768321513,-10.55155345098524,3.8219178082191783,4.8214702469750605,50.21712520624687,32.97872340425532,-0.09365950985239047,3.610567514677105,4.686211848910709,46.38400755454975,31.155015197568403,-0.03315858089828194
3467792,365,73,32.445721523738044,38.268477465367724,52.345025708284574,58.71436963889135,-2.373511832717061,17.54794520547945,22.412997696725547,35.07540556037091,31.755081804660385,-0.1571769199446349,23.42074363992172,29.161586015949368,38.88351281256376,42.382605000354125,-0.9589445845711739
3469007,41,9,1.1875,1.1875,118.75,118.75,,0.0,0.0,0.0,0.0,,3.571428571428571,3.571428571428571,357.1428571428571,357.1428571428571,
3474539,184,37,1.5868725868725866,2.350222993933929,105.76392719249861,79.34362934362933,-0.03217818426759145,1.9189189189189189,2.520188753119764,145.13513513513513,95.94594594594594,-0.18686868686868685,1.3011583011583008,2.3177056574588275,69.76833976833979,65.05791505791504,-0.003813646670789428
3490276,365,73,15.210358416213177,15.791532229275457,182.68897483237322,141.8079392571599,-10.60596321461634,4.164383561643835,5.947256763727174,32.00879211143965,38.8250319284802,-0.6461371853766744,3.776908023483366,5.451337574677354,30.392871212588812,35.212552453931764,-0.38305292947382785
3497426,190,38,0.7898199445983376,1.003478196227855,67.9475415512465,51.74682395644281,-0.39278017241379315,0.5263157894736842,1.0,21.18421052631579,34.48275862068966,-0.3831417624521074,0.6466165413533836,0.8514850866846712,45.31954887218046,42.36453201970444,-0.0028149190710768934
3498888,171,35,0.8067226890756302,0.9588673496198932,62.54901960784313,46.28736740597878,-0.12181033650863649,1.3714285714285714,1.5491933384829668,118.57142857142857,78.68852459016394,-1.9282868525896415,0.7673469387755102,0.9124982527240749,54.625850340136076,44.02810304449648,-0.015936254980079667
3511417,365,73,10.666963783073745,11.574455364402608,152.432563074484,100.99719275802639,-4.403211752997093,15.438356164383562,16.221497659013174,211.2447306720905,146.17380025940335,-9.61286782513926,3.814090019569471,5.2630284844970525,39.60105993613215,36.11265517880303,-0.11717780779059028
3519999,365,73,8.567601801463688,10.358443274123719,32.562064437037186,33.07429569047326,-0.6262814924685429,40.0958904109589,40.91035974232658,188.92499985783377,154.7858276044421,-24.367246695032875,6.587084148727984,8.239292320146104,33.81691206888128,25.428722520208506,-0.028931725594740776
3525649,365,73,6.20144492400075,8.591960024864434,21.72907187943838,23.08544005364889,-0.1826699916424659,9.191780821917808,11.873188398224212,30.144689791590977,34.21723610402856,-1.258467264320545,7.925636007827788,10.751130386375547,25.72849824051181,29.50389742842573,-0.8517712610035446
3525857,365,73,10.20458810283355,14.286088923927121,28.839640385305298,28.72868999255107,-0.138506116965039,10.315068493150685,14.482393656692159,28.69365001374169,29.039722329348244,-0.1700094421193894,11.033268101761252,15.426958674859698,29.05702907559454,31.061649495895537,-0.32760629348725345
3536379,365,73,10.636564083317696,12.539620544957565,31.09998505448844,27.292413992344173,-0.035612489618453314,32.21917808219178,34.316017267391196,100.53609506568151,82.67135325131811,-6.755722209588593,9.939334637964777,12.502401223097284,26.10167359864371,25.503389404971134,-0.029473932027404004
3542320,43,9,0.02941176470588225,0.02941176470588225,2.941176470588225,2.941176470588225,,0.0,0.0,0.0,0.0,,0.0,0.0,0.0,0.0,
3544018,365,73,3.7880934509288804,4.5979786713988124,71.28462434789384,41.96218845490262,-0.2133563358893722,6.63013698630137,7.286692693599676,122.98218546018494,73.44461305007587,-2.047301081290656,3.679060665362036,4.502166098741157,68.72000052913911,40.75438976804683,-0.16331541878802924
3547608,365,73,3.8811221617564278,4.875254707512859,35.83266978827739,30.20489528872273,-0.025854877377134322,4.808219178082192,6.163302797191049,34.81557380592954,37.42004264392324,-0.6395260310363822,4.095890410958904,5.156456253658166,34.42451410374645,31.87633262260128,-0.14760909709398407
3553645,28,6,0.0,0.0,0.0,0.0,,0.0,0.0,0.0,0.0,,0.0,0.0,0.0,0.0,
3555786,365,73,4.882670294614374,6.044730098428284,52.6544123248398,37.79797789044001,-0.22833120426444609,4.47945205479452,6.185488984114573,33.44950002897753,34.676564156945915,-0.28620363361090084,4.293542074363992,5.882361821434202,33.979650226742066,33.23738827450386,-0.16322874342772686
3564029,33,7,0.03846153846153855,0.03846153846153854,3.8461538461538547,3.8461538461538547,,0.0,0.0,0.0,0.0,,0.0,0.0,0.0,0.0,
3568185,176,36,0.5944444444444444,0.6910137480542626,44.155092592592595,40.37735849056603,-0.012831423895253602,0.4722222222222222,0.8333333333333334,20.601851851851848,32.075471698113205,-0.47299509001636664,0.6944444444444444,0.8660254037844386,63.42592592592592,47.16981132075472,-0.5908346972176761
3570136,365,73,12.506661662600868,14.85177910102872,91.12978884263401,55.806008641189685,-0.4721598096311601,8.972602739726028,12.706917542215244,47.28722923610394,40.03667481662592,-0.07765170016907752,15.045009784735807,17.254220796921487,110.41606090685798,67.13237862382115,-0.9869580475436457
3572824,365,73,12.502580221429913,13.407583232647262,88.7861740378924,69.51167982973219,-4.610430478605648,4.5479452054794525,6.399914382988967,25.985281438725515,25.285605483625282,-0.2783315568153868,4.178082191780822,5.660485481865575,28.40232161043516,23.22924600152323,-5.85665257180068e-06
3578670,365,73,2.960405329330081,3.6666808827351405,36.88332876177644,27.635497319833235,-0.000502723083368295,2.9863013698630136,3.734327982308471,34.940555530911354,27.877237851662407,-0.03776008937299258,3.6340508806262237,4.4766033591205705,35.1117387274864,33.92400438436245,-0.49131463226262473
3578792,365,73,13.884499906173764,14.683642411728481,122.38262788129654,91.89197580695237,-6.183294050715214,4.054794520547945,5.870754076322524,29.776038362377165,26.835902085222124,-0.14826948084425307,4.424657534246576,5.750594042559949,40.42319293150581,29.28377153218495,-0.10174595746070736
3580030,28,6,0.045454545454545414,0.045454545454545414,4.545454545454541,4.545454545454541,,0.0,0.0,0.0,0.0,,0.0,0.0,0.0,0.0,
3583680,365,73,5.110808782135485,7.225300229593841,30.72407901270049,37.08638579482012,-0.6594703657750944,5.219178082191781,7.369875744756534,31.145977433934934,37.8727634194831,-0.7265455369712008,4.698630136986301,6.68532706657947,29.286714729307405,34.09542743538768,-0.42070210489769644
3587232,21,5,0.3125,0.40019526483955303,23.125,26.041666666666668,-0.0009765625,0.8,0.8944271909999159,80.0,66.66666666666666,-4.0,0.2857142857142857,0.4040610178208843,19.999999999999996,23.809523809523807,-0.020408163265306145
3589533,26,6,0.050000000000000044,0.050000000000000044,5.000000000000004,5.000000000000004,,0.0,0.0,0.0,0.0,,0.1428571428571428,0.1428571428571428,14.28571428571428,14.28571428571428,
3591815,33,7,0.11538461538461542,0.11538461538461542,11.538461538461542,11.538461538461542,,0.0,0.0,0.0,0.0,,0.4285714285714287,0.4285714285714286,42.85714285714287,42.85714285714287,
3605754,365,73,30.52350347157066,51.8995333479759,20.374023537536594,23.071192311292794,-0.17251480531780072,60.52054794520548,77.02925969600817,41.155679912119005,45.74446055083868,-1.582871959231678,37.557729941291576,58.1194676409769,24.322874228615625,28.388012898263465,-0.4703972595661823
3605757,365,73,17.013792456370805,31.778383970024244,17.687633032784,20.5494184201699,-0.0885078798671195,40.821917808219176,50.91115010957277,45.13996824004217,49.30509596293845,-1.7937901194014878,24.70841487279843,38.38905933976362,25.110879317365992,29.843055686867725,-0.5884842096204432
3609742,365,73,17.348376806155002,24.76932894924657,43.459121128825295,54.3299659738016,-0.8784372030331271,12.561643835616438,19.736274925760572,34.24480023737221,39.33933933933934,-0.19261034384095743,13.270058708414872,20.90271273057124,33.58829155728264,41.55788441502727,-0.3377455142092318
3612242,30,6,0.125,0.125,12.5,12.5,,1.0,1.0,100.0,100.0,,0.1428571428571428,0.1428571428571428,14.28571428571428,14.28571428571428,
3615059,365,73,21.5883843122537,25.75239086383249,40.519616565785554,42.96488699003599,-1.9207186103324259,34.38356164383562,37.41510939391871,65.8424658728256,68.42966194111231,-5.165220955755958,16.21526418786693,21.133758025110165,30.5154967494077,32.27138183517682,-0.9670167964046485
3615060,365,73,51.08763370238318,56.6843587966063,43.11682389689399,45.45827962303721,-3.9881166359522444,64.41095890410959,69.20547131747585,55.138016187237845,57.313505607020964,-6.435171401620534,42.73581213307241,49.156718793223725,35.58125364403272,38.026746534791386,-2.7512490234818685
3615062,365,73,22.52683430287108,26.77244464848832,41.39816366661262,44.1346995198494,-1.968407716423083,34.205479452054796,37.42005176336082,64.15700399351631,67.0155662909286,-4.799042091699939,17.557729941291583,22.43622963725137,32.29065738381358,34.39920251514454,-1.0847176629304833
3615064,365,73,20.975276787389753,25.07476365359663,40.56005072195122,43.26632397511873,-1.8678872031176716,31.671232876712327,34.78781080812528,62.47247332629682,65.32918903645097,-4.520044371860846,16.107632093933468,20.510925649741544,31.891147417183053,33.225689258466886,-0.9189289300494081
3616369,365,73,3.833036216926253,4.680143802532681,35.33785038217771,28.728094849652614,-0.00790141179518189,6.47945205479452,7.871397849784309,43.099968443624924,48.56262833675565,-1.8510404973663759,6.3561643835616435,7.756750556801946,42.218307190168005,47.638603696098556,-1.7685942315791703
3617265,170,34,0.9718858131487887,1.201232966638199,60.17877739331027,47.89002557544757,-0.0018393393393392188,2.088235294117647,2.307277489112375,168.62745098039215,102.89855072463767,-2.696096096096096,5.113445378151261,5.252393269169933,376.1904761904762,251.96687370600418,-18.153937611080472
3619596,26,6,0.20000000000000004,0.39051248379533277,12.083333333333336,17.142857142857146,-0.09800000000000031,0.16666666666666666,0.408248290463863,8.333333333333332,14.285714285714285,-0.20000000000000018,0.26190476190476186,0.37343778907995534,19.047619047619044,22.448979591836732,-0.0040816326530617175
3626557,365,73,12.394023268905986,17.68081964920794,45.17597820541972,51.145488899385924,-0.575897122453922,12.684931506849315,18.015214270318282,45.507593885137396,52.345958168456754,-0.6360702136756988,10.377690802348337,15.179671308141154,46.43478784612837,42.824840507146895,-0.16157647943333853
3637346,365,73,87.16968474385436,108.83058909093656,38.80366194579561,44.26396067265838,-1.7276198204142035,111.05479452054794,123.17684135654454,70.64111058661562,56.39259877573733,-2.4941376038211884,74.13502935420745,83.63151702678412,46.210995075585494,37.645083074966216,-0.6107265861167417
3639314,365,73,15.13637643085007,15.764264064212055,175.5944575274415,132.48866660096584,-9.903347295405897,3.8219178082191783,5.35455253748736,33.355362793899204,33.45323741007194,-0.2579367693067678,3.3972602739726026,4.807737682846453,35.28496472723479,29.73621103117506,-0.014130796398915013
3648086,365,73,3.9147588665790956,5.227522946207355,28.410671512243596,29.220592766899177,-0.250326800892934,3.5616438356164384,4.7137223170432705,32.320060809493256,26.58486707566462,-0.016622306173263546,3.972602739726028,4.990289704367845,37.88453506810066,29.652351738241318,-0.13941822629283518
3650969,365,73,11.336507787577407,17.934562683723524,46.084925496831865,53.80787181359887,-0.36683226120018264,14.287671232876713,20.814576030812297,54.61336916629899,67.815344603381,-0.8410635369469279,11.504892367906065,18.194142962297327,45.59069785984694,54.60709641463867,-0.40668495984039055
3654039,365,73,5.298508162882342,7.661350808403187,56.855506364190134,37.58902778332469,-0.004336481592078334,5.506849315068493,8.247872286855197,44.93092652147834,39.067055393586,-0.16399843309508677,7.440313111545989,10.23823025138908,47.822067148098895,52.78356240455366,-0.7935699758162464
3654041,365,73,7.812769750422217,9.1291844296484,60.35581740675434,40.88402808464673,-0.3668384846675612,8.821917808219178,11.257873956808952,40.457964406970994,46.16487455197132,-1.0785764406091118,10.356164383561644,12.774117667838386,47.174200019153105,54.19354838709678,-1.676178400403777
3654711,365,73,64.78180709326328,80.66927955087765,32.60206099321278,36.762064037688276,-1.4824867275176539,41.273972602739725,51.422104942449884,26.444599136110053,23.421952736318406,-0.008719181382968344,58.65166340508806,74.6766864042051,29.496711583283048,33.28335998578536,-1.1273583707699508
3654713,365,73,93.15457872021015,110.35660739672815,44.83825064076252,37.912049097258965,-0.012250622202083061,93.54794520547945,111.81509933079774,43.16916556868258,38.07214138373195,-0.03918358639264685,95.93737769080235,113.90644749574751,54.11462566622649,39.04459258197341,-0.07842012865991443
3664286,365,73,61.226027397260275,69.5431979433208,52.2494954079609,55.16539126141693,-3.4466009630813073,26.054794520547944,38.0540351216674,20.798283254549727,23.47568501604542,-0.3314359262799389,25.3679060665362,37.1623199045448,20.47150649135241,22.856790210530026,-0.2697682897879041
3664667,365,73,13.928551322949895,15.627561902939687,76.27213388295013,54.08426843485863,-1.2364639755363234,12.95890410958904,14.635292303945207,70.87574854139268,50.31914893617021,-0.9614726321650249,8.084148727984342,10.501394398672318,36.318052196776165,31.390577507598778,-0.009888415192446098
3672886,27,6,0.09523809523809534,0.09523809523809534,9.523809523809534,9.523809523809534,,0.0,0.0,0.0,0.0,,0.0,0.0,0.0,0.0,
3678266,365,73,113.62718145993621,137.56015219000946,22.919401544348535,24.3006511002969,-0.7421763284461205,194.2876712328767,218.9797325956702,38.51043935588748,41.55094627058065,-3.4148368152357937,102.85714285714288,125.15804266763979,21.30432578386621,21.99733822163072,-0.44219617224390495
3679547,37,8,0.034482758620689724,0.034482758620689724,3.4482758620689724,3.4482758620689724,,0.0,0.0,0.0,0.0,,0.0,0.0,0.0,0.0,
3681743,365,73,14.710452242446983,20.243479474876978,31.11167570467867,35.452724123427856,-0.6511138396772498,20.84931506849315,25.848875866498407,44.394459114868354,50.247606470782436,-1.6920927363015563,13.281800391389435,16.30990924261617,39.75811950066386,32.00962128000756,-0.0717902034792468
3683528,206,42,1.4378629500580722,1.5028772344640138,134.39798683701122,102.35634559735429,-2.149597571556552,0.9761904761904762,1.0350983390135313,84.12698412698413,69.49152542372882,-0.4940711462450593,1.6904761904761905,1.8060744065250363,161.9047619047619,120.33898305084745,-3.548616600790514
3685214,186,38,0.6778093883357041,0.8367071248710418,59.409080132764345,44.40820130475303,-0.36609973742917523,5.473684210526316,5.520297474822015,441.8859649122807,358.62068965517244,-58.464864864864865,1.6616541353383463,1.7679568210677663,144.42355889724317,108.86699507389166,-5.099282956425811
3687571,179,36,1.4011266511266516,2.013507413671826,100.18291893291892,71.04304146557669,-0.08134572709717669,0.9722222222222222,2.1666666666666665,26.15740740740741,49.29577464788733,-0.2521094875488785,1.0674603174603174,1.9773375901899584,50.62830687830689,54.12474849094567,-0.042844962640335105
3692708,365,73,5.616532182398198,9.013222392382167,36.40665258814917,34.11038679825861,-0.035303212198318334,9.575342465753424,12.964123308218143,50.09139403602097,58.15307820299501,-1.141872889543615,6.332681017612524,10.19025062086125,33.63503747530064,38.459710007130965,-0.3233573018642977
3697393,45,9,2.0555555555555554,4.856267428111155,54.513888888888886,77.08333333333334,-0.06125000000000003,1.6666666666666667,5.0,10.416666666666668,62.5,-0.125,3.1111111111111116,4.717891838666985,174.20634920634924,116.66666666666667,-0.0016326530612245094
3698221,34,7,0.2962962962962963,0.2962962962962963,29.629629629629626,29.629629629629626,,0.0,0.0,0.0,0.0,,0.0,0.0,0.0,0.0,
3702391,365,73,5.466034903358979,8.274655805050884,38.885963831270324,34.879418526678805,-0.02296207308388909,7.191780821917808,10.556436717206406,38.24313253010608,45.89160839160839,-0.6649237704872075,6.0665362035225066,9.350892730430855,34.74471452075875,38.711288711288724,-0.30636882128189846
3702395,365,73,5.36146556577219,8.576809171474883,37.292861200080374,33.740257439773266,-0.028514470984567497,8.136986301369863,11.566365977168811,42.78922429659351,51.206896551724135,-0.8704787192175094,6.174168297455968,9.629406433913752,35.08371433346929,38.85467980295566,-0.29645649235236005
3702622,45,9,0.25,0.25,25.0,25.0,,0.0,0.0,0.0,0.0,,0.1428571428571428,0.1428571428571428,14.28571428571428,14.28571428571428,
3709347,40,8,0.4453125,1.03125,17.28515625,32.38636363636363,-0.0803571428571428,0.375,1.0606601717798212,9.375,27.27272727272727,-0.1428571428571428,0.4821428571428571,1.0189530441205075,21.428571428571423,35.06493506493506,-0.05474570780693222
3722050,365,73,68.50562957402892,80.66010996901706,30.61302493462921,33.72385837820562,-1.9338294403472522,48.821917808219176,59.358903730230686,22.66623944854392,24.033987457009914,-0.5888722714586692,42.77886497064579,52.531407594858145,20.77581295418234,21.05912160534859,-0.24438657983791212
3724730,365,73,43.592465753424655,45.97272328118636,122.8582149685366,102.22454224221009,-8.91373412303711,11.397260273972602,14.60530959935977,27.784707286896083,26.726630260199162,-0.0005950285191183013,10.841487279843445,16.10116188460034,22.08254037256386,25.423339910972427,-0.21604945900619277
3740213,365,73,7.192531431788328,10.070375371546515,24.97346640166958,26.135131633675858,-0.07568640252228276,8.191780821917808,11.695918969792208,25.296207777015887,29.76605276256844,-0.4509854658221901,7.201565557729941,9.903334861320921,25.733644646179847,26.16795847258764,-0.04029686285045808
3740236,365,73,6.139941827735034,8.14338411942447,45.48033586255471,36.890185467049996,-0.11885016558388073,5.123287671232877,7.872267954009571,30.713748879241997,30.781893004115226,-0.04559097298734849,7.410958904109589,9.064441736685358,57.06604684064423,44.52674897119341,-0.3862584698025704
3744207,365,73,4.899981234753237,7.343539075098249,39.500402181299954,34.00177092556904,-0.009498517613005797,10.41095890410959,12.720385968125425,66.10445242919238,72.24334600760456,-2.028973288931979,7.064579256360077,9.912899963498537,41.07116720234377,49.022270505160236,-0.8394852608665604
3744208,365,73,5.2334396697316565,7.5219451255980925,41.666906188862406,35.24364353232573,-0.012495298732000837,9.849315068493151,12.364886208894287,58.33140774406088,66.32841328413284,-1.7359801472168495,6.763209393346379,9.580580955815599,39.218469489181075,45.545598313125986,-0.6425416233546932
3744209,365,73,5.125023456558454,7.680389135667943,41.929852105794616,35.328301447475646,-0.00793609759069347,7.780821917808219,10.718055435981245,45.40445208631858,53.63550519357885,-0.9629016846547003,6.696673189823874,9.770843758606626,39.05702408045123,46.162147578578164,-0.631288171976307
3747475,365,73,23.988975417526742,32.80467296446496,60.820148166595786,48.99818705874237,-0.03335604864793784,23.986301369863014,32.816425890385716,60.722043593478816,48.992725237828765,-0.034096621961305695,24.667318982387474,35.75169469366995,49.12756710724061,50.38372371892237,-0.2273596080340572
3756895,30,6,0.125,0.125,12.5,12.5,,0.0,0.0,0.0,0.0,,0.0,0.0,0.0,0.0,
3758255,365,73,8.338196659786075,10.682942934904323,30.0390916640074,30.695328097044044,-0.31405499846593266,11.123287671232877,13.790010281419077,36.31574725200527,40.94805849722643,-1.1895804434534227,11.019569471624267,13.685053238327866,36.01081454213954,40.566241625243144,-1.1563770847151615
3784044,365,73,5.955057234002628,7.679963842607386,48.64264082941073,33.75148898153663,-0.05100029425336561,5.931506849315069,7.944154394339015,38.103395078651246,33.61801242236025,-0.12455276832228757,5.692759295499022,7.494346019052288,43.589859649098464,32.26486246672582,-0.0008107662884453415
3789363,39,8,0.16129032258064524,0.16129032258064524,16.129032258064523,16.129032258064523,,0.0,0.0,0.0,0.0,,0.1428571428571428,0.1428571428571428,14.28571428571428,14.28571428571428,
3796003,44,9,0.5714285714285714,0.5714285714285714,57.14285714285714,57.14285714285714,,0.0,0.0,0.0,0.0,,0.5714285714285714,0.5714285714285714,57.14285714285714,57.14285714285714,
3800297,37,8,0.35775862068965514,0.3791143694361383,31.465517241379303,31.8007662835249,-0.3140818753184982,2.875,2.8939592256975564,275.0,255.55555555555554,-75.57142857142857,0.875,0.9354143466934853,87.5,77.77777777777779,-7.0
3805671,365,73,19.43807468568212,26.859741650353566,33.121427463122174,38.06275354224235,-1.0445761818609203,18.36986301369863,26.063936140254942,30.94415368716177,35.97103004291846,-0.9252167910562856,16.810176125244617,24.812621802761313,27.95090369478369,32.91692213366033,-0.7447971655086414
3812139,365,73,16.006849315068493,16.610470249184488,176.34237702521085,137.79481132075472,-13.013650876858561,3.328767123287671,4.479787176940991,32.96139644982896,28.655660377358487,-0.01930041936713689,3.3698630136986303,4.441147474045137,34.61920570485698,29.009433962264154,-0.0017926194496098447
3817341,365,73,34.52308125351849,53.71980336346779,25.007665134785285,29.701649163309956,-0.4375420647707733,54.75342465753425,70.34679262679083,41.83795721773858,47.10665880966411,-1.4651328854151902,33.205479452054796,52.43182135317215,24.178788098308498,28.568061284619915,-0.3694356253834903
3817343,365,73,31.905610808782132,50.16512609522049,24.35580614568484,28.348461405076623,-0.3162377500535889,55.0958904109589,69.90992247366587,43.627707045589425,48.953261927945476,-1.5562784974917099,36.75342465753425,55.11246285227902,27.444348930049532,32.65579357351509,-0.5886570855158342
3817344,365,73,25.615077875774073,42.273572123432636,22.274952697074042,26.40729677914853,-0.3078720721179744,36.986301369863014,51.59829029768172,32.8679821498168,38.130207597796925,-0.9484891624726806,27.08219178082192,43.53600305085247,23.470556756672455,27.919785341053522,-0.3871533695586791
3817345,365,73,32.5495402514543,51.79601909698626,23.15764548605831,27.8821454864605,-0.38766235171729235,45.56164383561644,62.72946916218775,33.483622793752104,39.028397089885004,-1.0353273376735181,30.54207436399217,49.83406348214339,21.9256511243237,26.16253729842089,-0.2845282007473806
3817346,365,73,38.442765997372874,53.30689910872445,28.895752586866962,33.496322723898544,-0.8952297613838773,50.397260273972606,63.056508686028856,39.38142190405634,43.91262831224636,-1.6518861156695457,38.432485322896284,53.298157547772135,28.887298628171454,33.48736486716912,-0.8946082317748159
3817347,365,73,29.80033777444173,48.656296263407,22.40727563076181,27.319159331084343,-0.41526332002361155,51.43835616438356,65.43835329676153,42.494473881315606,47.155594625141276,-1.5599051903876542,31.63013698630137,50.185273176855546,23.880778925355905,28.996609318096194,-0.5056074036664293
3817348,365,73,31.528335522612114,43.17519688659549,29.81716524674138,33.777054492965725,-0.9646319228432472,29.095890410958905,41.187842334412025,27.33736898137693,31.17111828588201,-0.7879304725348797,35.082191780821915,46.13277443111706,33.52016260707465,37.58438508952157,-1.2430124850088133
3817349,365,73,26.007318446237573,37.06367604294636,27.96576087191866,32.32097798051316,-0.7349652036824093,39.84931506849315,48.46987484121749,45.23196349862387,49.523323118828735,-1.967136890163843,22.92172211350294,34.05373658086312,24.922061962090176,28.486307699790853,-0.46461450562499373
3817350,365,73,27.567977106398946,38.60395513826929,29.93650123750114,34.10953099605293,-0.6939926884181471,33.3013698630137,43.501377713972445,36.39020318205761,41.20338983050848,-1.1510670611397766,32.704500978473575,42.98162612689474,35.702572851830794,40.46489104116222,-1.0999725184062026
3817351,365,73,20.72968662037906,30.920379260789723,26.410025380556558,30.253241169285715,-0.41895637602023506,40.657534246575345,48.12170643417569,54.811659620797435,59.33626549380248,-2.436856965727676,28.34246575342466,37.830733320432,35.996372647449995,41.36345461815274,-1.1240705576848842
3817352,365,73,18.564552448864703,31.641345599713052,26.191765402516626,28.681742407769807,-0.0706885365455232,20.643835616438356,34.85449205537725,26.075928724439823,31.894179894179892,-0.2991843497254072,18.96477495107632,32.80161648716558,25.176809511097293,29.30007558578987,-0.15065136617763653
3817353,365,73,18.91325764683806,32.18943320644211,23.859250077913284,29.589965885537467,-0.25261267955977806,18.684931506849313,31.951590094845688,23.656991473368606,29.232747535362197,-0.23417031484013018,17.90802348336595,31.078098346150004,23.113687506332305,28.017267772947157,-0.16761325765284463
3817354,365,73,21.65518859072997,35.55824605947327,24.827822939764978,29.515100207679012,-0.3688932954801254,25.095890410958905,38.33807792753938,28.90575827528965,34.20463032113518,-0.5912909991767863,22.958904109589042,36.66646165258127,26.2763176372195,31.292008961911876,-0.4555493644940918
3817355,365,73,15.592653405892287,28.485098514822393,22.45745559301351,27.01788983218934,-0.08876910968279361,17.684931506849313,31.49798862897809,23.410592684886282,30.643247092333254,-0.3312695018602938,16.542074363992175,30.17452265016337,22.271343974527742,28.6629819266895,-0.2217466474611247
3817356,365,73,20.186948770876338,34.27850720224353,28.399642806412807,31.862643465383194,-0.12403801086186217,21.91780821917808,36.23364061654262,29.037695617447017,34.5945945945946,-0.2559175857040179,20.377690802348337,32.47738078709623,33.04487309365083,32.16370656370656,-0.009018644821383592
3817357,365,73,22.343404015762804,36.643577005872736,25.73358152829293,29.834799582050202,-0.2540552704319803,26.726027397260275,41.11277507019689,29.651264246769315,35.6868483629047,-0.5786088734693935,21.00587084148728,34.102461999882834,26.41748137212912,28.048812354647364,-0.0861565426786497
3817358,365,73,20.05207355976731,33.46184280640787,31.853006377084363,34.45860098547584,-0.0765827253237854,20.054794520547944,33.82185400327987,31.039893773743632,34.463276836158194,-0.09987294317517903,20.041095890410958,33.53407590161599,31.658019414577897,34.43973634651601,-0.08123571693283882
3817359,365,73,22.084021392381313,36.000177389786266,27.577708629153978,32.54205816802253,-0.3267901200948866,24.438356164383563,38.141768712894596,30.09589646083754,36.01130399677029,-0.4893425729974967,21.03522504892368,34.857211029415865,26.818969349286785,30.996597266278336,-0.24387923765713593
3817360,365,73,20.5651623193845,33.99874315367075,30.993205695088182,32.84307261682495,-0.11699919786503532,21.602739726027398,35.333828720573074,30.85829907327951,34.500109385254866,-0.20644779785074596,20.74559686888454,34.349984607705764,30.7178801635555,33.13123105291121,-0.14019788123704835
3817361,365,73,38.26946894351661,52.717440586017894,30.72882416325339,35.08314997961462,-0.8838661422531127,51.68493150684932,63.911004047473426,42.92445134941434,47.38164008539495,-1.768807018525774,34.95890410958904,50.04491133656779,27.886011741803625,32.048223031520784,-0.6977011962124182
3817362,365,73,34.14843310189529,51.35820324296091,26.410112471079888,31.792317516112185,-0.5795739725774933,56.43835616438356,69.65669238860362,47.46543376701896,52.54431832674403,-1.905668214012961,27.55968688845401,44.64554590728843,22.180930845066257,25.658170422868803,-0.1936488974223094
3817363,365,73,30.27458247325952,49.08597483977578,24.95411805035812,29.04132090076143,-0.2667201439675775,54.68493150684932,69.60455818800911,46.88931075075134,52.45729303547964,-1.5470718634295908,38.83365949119373,57.07599317020834,31.323270773734336,37.25173643701895,-0.7126664517593331
3817364,365,73,70.29466128729592,84.09590163774313,47.65978545530071,52.075403632764385,-2.278309196678209,57.082191780821915,72.74415666407249,37.60990997596875,42.28739598132738,-1.4529939458763188,35.59491193737768,54.824759583140676,22.71891250268874,26.36927716083388,-0.3933291442744138
3817365,365,73,68.12300619253143,81.74463099764574,49.16599459336343,53.559283274688156,-2.2363903531118714,60.57534246575342,75.41719581539435,42.865749647510945,47.62520193861066,-1.754756288443617,34.89041095890411,54.00799027642697,23.317630054275686,27.431340872374797,-0.41272768518419234
3817366,365,73,85.32759429536499,106.42143168850383,44.9188512234253,49.530171625013075,-1.7600120354981175,71.42465753424658,95.08871128424568,36.560763914388225,41.45992366412214,-1.203488075375764,40.86692759295499,68.05800326764154,21.05667469061577,23.722055616139585,-0.12878489218547884
3817367,365,73,81.35616438356162,98.72067286866493,45.488204459416046,49.98316781686583,-2.1167061961915072,69.0958904109589,88.63330645811781,37.45129011777078,42.4507658643326,-1.5123118836901792,36.91780821917808,57.947000839958065,20.85289009182697,22.68136677327049,-0.07384494487880944
3817368,365,73,24.736489022330645,39.52748701575205,20.608137375483356,22.056476103946952,-0.030478663121896288,25.45205479452055,41.782214214394315,19.69209815887314,22.694515695615,-0.15139276751992958,24.954990215264193,39.174541149936644,21.304739079221772,22.251304332652815,-0.012158277196523404
3817369,365,73,28.584537436667297,47.11498612764541,23.78831596164138,28.452021173666658,-0.2966024969183658,37.136986301369866,54.49632386747287,30.940178900687126,36.96482137987456,-0.7346950250816418,27.906066536203525,46.28880060257005,23.46096003567016,27.77669562507305,-0.25152801083995446
3818317,365,73,8.881028335522611,11.593242219195488,29.746949280503447,26.089137565116726,-0.020868194425835984,17.36986301369863,20.5439722186472,46.440825085877094,51.0261569416499,-2.205742922544948,17.107632093933468,20.307600993061055,45.67880833239927,50.255820638114415,-2.1323991496215644
3831197,365,73,21.48315819103021,27.947549131175744,215.55078790079648,61.28450753986735,-0.0003158057084573507,22.301369863013697,28.22026863167386,238.7495295737811,63.618601016021884,-0.019933746440745637,22.927592954990217,34.06494479778356,103.95274652543893,65.40501311896388,-0.4861582387870811
3840786,29,6,0.19565217391304346,0.39251021924495194,11.594202898550723,16.770186335403725,-0.10926275992438583,0.16666666666666666,0.408248290463863,8.333333333333332,14.285714285714285,-0.20000000000000018,0.26190476190476186,0.37343778907995534,19.047619047619044,22.448979591836732,-0.0040816326530617175
3841476,21,5,0.0,0.0,0.0,0.0,,0.0,0.0,0.0,0.0,,0.0,0.0,0.0,0.0,
3848591,365,73,30.114421092137352,48.66916929125506,25.042761229551303,29.350503868171252,-0.3415905689108032,59.821917808219176,72.9250882286109,53.63659911289452,58.30440587449933,-2.0120769034389765,35.418786692759305,53.4476325658494,29.162341145434024,34.52031279801641,-0.6179648252089449
3848607,42,9,0.4410774410774411,0.44364022739389397,40.909090909090914,39.6969696969697,-0.9927685950413228,0.1111111111111111,0.3333333333333333,5.555555555555555,10.0,-0.125,0.6666666666666665,0.6801360408136047,65.07936507936508,59.999999999999986,-3.683673469387754
3849483,365,73,52.22260273972602,52.76269925283497,256.1924056537292,223.33040421792617,-48.096907204980056,7.52054794520548,8.83253636449559,39.297428119530856,32.161687170474515,-0.37584969851009054,9.894324853228962,11.123999296918434,52.74593989640639,42.31316428152983,-1.1823380769078553
3859131,365,73,8.87417902045412,13.686420928999286,44.77427130784955,50.41362400724909,-0.30088468184815564,8.767123287671232,12.85216254922808,51.74351226509377,49.80544747081712,-0.14712682025391666,9.142857142857142,12.17041881830809,64.79778692186099,51.93996664813786,-0.028655759341026377
3860784,365,73,699.8113154437981,1285.107441313623,370.0619664021892,111.60289683756912,-0.053030240714805554,577.4246575342465,1344.7995420207349,115.05002838592179,92.08519934462043,-0.15312681582171983,574.5909980430529,1360.443558133599,78.76409556559216,91.63329952406961,-0.180111449031926
3861917,365,73,40.17123287671234,42.70970198061161,52.187047235838016,54.08520841018076,-7.670148960195226,11.835616438356164,14.682017703150219,16.672888360166386,15.935079306528957,-0.024577852461531435,15.954990215264193,19.280698050252337,20.10576954906845,21.48126679664858,-0.7669285318562786
3864462,365,73,15.781713267029462,16.8740550217401,88.73402463129332,72.09418451146125,-2.358401753186102,5.5479452054794525,9.250694161291541,26.23643279129744,25.344180225281605,-0.009351358769029261,6.142857142857142,9.312861115888309,31.87506713299799,28.061863043089573,-0.02296312477262452
3866694,365,73,582.0368737098893,1134.6798573736967,35.48837214567852,56.26001930672111,-0.2405794255395579,623.5068493150685,1186.6552972622453,36.38846098089605,60.26853102407246,-0.3568350318725113,585.9001956947162,1142.920766453087,34.9882266614086,56.633450233990466,-0.2586649280075235
3877103,365,73,15.23601989116157,16.61138988966393,157.65023788876746,95.14366570186438,-4.3845409697098425,6.4520547945205475,8.207080137513076,46.8125223270323,40.290846877673225,-0.3143592635448862,17.23091976516634,18.564871640921506,174.96040672728455,107.60112428204816,-5.725439091020238
3889434,189,38,0.9771697455559429,1.3497818671358819,45.513245033112575,42.680977392098654,-0.11998280642729098,1.2894736842105263,1.8136906252750291,41.53508771929825,56.32183908045977,-1.0221370796083438,0.9210526315789473,1.3078709094514924,46.228070175438596,40.229885057471265,-0.05151128139633876
3893475,365,73,31.84678176018014,33.72384692438342,109.92732755329537,88.22827584414232,-3.885895529005836,61.42465753424658,62.78600315182375,205.71950558298315,170.1707779886148,-15.935406791138629,17.53033268101761,20.54613578837875,61.486178834909964,48.566007047980484,-0.8135530578682084
3898351,365,73,3.8253893788703324,4.959400754665262,29.481563617479818,24.77847601220357,-0.03071820641061951,4.561643835616438,5.973686592620115,29.595086476554645,29.547471162378,-0.49543109685131004,5.1506849315068495,6.600124531826383,32.037505069261854,33.36291038154392,-0.8255166556572613
3909464,365,73,8.282229311315445,10.693393207249814,31.994371527564724,36.88851371116702,-1.1771708683473392,5.6438356164383565,8.027350507133942,23.068955367764705,25.137278828553995,-0.2268907563025211,5.590998043052837,7.852587186665442,23.31121525297847,24.90194369389,-0.17405103440793246
3922020,179,36,0.6184926184926184,0.6875982757943079,53.72960372960374,42.81871974179666,-0.32055525858274825,1.5555555555555556,1.6666666666666667,138.88888888888889,107.6923076923077,-6.75862068965517,0.5714285714285714,0.6116777418411966,44.70899470899471,39.56043956043956,-0.045038705137227186
3929234,365,73,6.655047851379244,8.508873675485528,21.523482516156992,21.48688603054776,-0.130793739998476,16.972602739726028,18.76421835331701,51.5303337786448,54.79876160990712,-4.4992086706252685,11.260273972602743,13.465141527043246,32.90921661966873,36.35559486952677,-1.8317902908969859
3930150,365,73,57.929583411521875,69.03482122837832,31.371838007858337,34.106456883951104,-2.0101911891075033,60.16438356164384,71.03848079333241,32.66854384851209,35.42221146866682,-2.187461894038165,48.01565557729941,59.742266312224636,25.89175640224642,28.269560909289922,-1.2543485183097771
3943339,29,6,0.39855072463768115,0.41437618711582025,34.42028985507246,34.161490683229815,-0.236294896030246,0.16666666666666666,0.408248290463863,8.333333333333332,14.285714285714285,-0.20000000000000018,0.26190476190476186,0.37343778907995534,19.047619047619044,22.448979591836732,-0.0040816326530617175
3944277,32,7,0.040000000000000036,0.040000000000000036,4.0000000000000036,4.0000000000000036,,1.0,1.0,100.0,100.0,,0.1428571428571428,0.1428571428571428,14.28571428571428,14.28571428571428,
3948016,30,6,0.08333333333333326,0.08333333333333326,8.333333333333325,8.333333333333325,,0.0,0.0,0.0,0.0,,0.0,0.0,0.0,0.0,
3949803,24,5,0.21052631578947367,0.21052631578947367,21.052631578947366,21.052631578947366,,0.0,0.0,0.0,0.0,,0.0,0.0,0.0,0.0,
3952388,29,6,0.19565217391304346,0.39251021924495194,11.594202898550723,16.770186335403725,-0.10926275992438583,0.16666666666666666,0.408248290463863,8.333333333333332,14.285714285714285,-0.20000000000000018,0.16666666666666666,0.408248290463863,8.333333333333332,14.285714285714285,-0.20000000000000018
3952699,37,8,0.228448275862069,0.33097161759400806,17.456896551724142,20.306513409961692,-0.0015287922541191712,0.125,0.3535533905932738,6.25,11.11111111111111,-0.1428571428571428,0.125,0.3535533905932738,6.25,11.11111111111111,-0.1428571428571428
3963956,365,73,20.728701444924006,28.29798001983936,42.318349333622955,52.071411062610196,-1.1192747861770718,14.273972602739725,20.287657358499782,34.00895191731894,35.8568479008947,-0.0892816880564089,16.77886497064579,24.875726908149524,32.505767548089004,42.149247861567204,-0.6376759102404959
3980456,42,9,1.0909090909090908,1.3245810074978186,73.69248035914703,61.36363636363637,-0.015112160566705946,1.1111111111111112,1.3333333333333333,77.03703703703704,62.5,-0.028571428571428692,1.0634920634920637,1.3170777796132696,69.15343915343917,59.821428571428584,-0.0036443148688045657
3982138,365,73,15.187417902045413,19.1400359524731,118.07197655366188,72.98759097098849,-0.2631662785521376,13.191780821917808,21.308882963465845,53.26951127325581,63.39697169190257,-0.565656166977029,17.256360078277883,20.616755347589077,136.5937787787232,82.93049938869555,-0.46560068551091005
3983205,365,73,12.886751735785326,20.44205707614139,30.83285230317982,31.547044826033826,-0.007588005067644232,13.424657534246576,23.07462580767852,25.84167623215795,32.863849765258216,-0.28381702185421487,15.454011741682974,20.905240363209316,42.42510974629917,37.83175241927757,-0.05376586524388527
3985547,23,5,0.30000000000000004,0.4013864859597432,21.66666666666667,25.000000000000007,-0.006944444444443976,0.2,0.4472135954999579,10.0,16.666666666666664,-0.24999999999999956,0.2,0.4472135954999579,10.0,16.666666666666664,-0.24999999999999956
3991187,365,73,16.698630136986303,17.260844739421323,216.4276328537916,161.88579017264274,-14.604900534675263,4.972602739726027,5.715875512702523,70.75240566578198,48.20717131474104,-0.7112065576348483,3.4011741682974557,4.372890281691445,40.82068266524926,32.97287042306963,-0.0015533182922484734
3992348,365,73,4.010227059485832,5.570851578950312,35.14007723850207,32.455274428211276,-0.040781425029263296,5.684931506849315,7.648977011017126,38.39029828741335,46.008869179600886,-0.9621087210985391,4.2954990215264175,6.005286088175874,33.38372914184169,34.764016471333534,-0.20943841911032823
4000155,45,9,3.037037037037037,6.699917080747261,45.13521457965903,73.87387387387389,-0.22837837837837838,2.7777777777777777,6.4031242374328485,52.64550264550264,67.56756756756756,-0.1219594594594593,2.9206349206349205,6.5569198011651455,48.507180650037796,71.04247104247105,-0.17650303364589082
4000978,38,8,0.575,0.696419413859206,40.416666666666664,41.81818181818181,-0.00129032258064532,1.625,1.7677669529663689,156.25,118.18181818181819,-5.451612903225806,1.0892857142857142,1.1462004668486578,101.19047619047619,79.2207792207792,-1.7123107307439098
4000980,27,6,0.04761904761904767,0.04761904761904767,4.761904761904767,4.761904761904767,,0.0,0.0,0.0,0.0,,0.0,0.0,0.0,0.0,
4008190,35,7,0.5,0.5,50.0,50.0,,0.0,0.0,0.0,0.0,,0.0,0.0,0.0,0.0,
4010182,37,8,0.2025862068965517,0.3314203928748463,14.655172413793101,18.007662835249043,-0.004246645150331352,0.875,0.9354143466934853,87.5,77.77777777777779,-7.0,0.2321428571428571,0.331200660553418,17.85714285714285,20.634920634920633,-0.00291545189504383
4015460,28,6,0.5454545454545454,0.5454545454545454,54.54545454545454,54.54545454545454,,0.0,0.0,0.0,0.0,,0.42857142857142866,0.4285714285714286,42.85714285714287,42.85714285714287,
4022027,365,73,8.40106023644211,13.778803485860823,28.28371700569618,29.51286801060029,-0.13136817006649038,14.684931506849315,19.418251547209007,45.42857010877397,51.588065447545716,-1.2469902556521464,8.32876712328767,13.702314573003141,28.25260479351811,29.25890279114533,-0.11884212904048241
4022393,365,73,5.613295177331581,6.542247800745372,75.83497209887977,41.43281576796819,-0.23200796450138794,4.835616438356165,6.0940123319016894,51.392803564365586,35.69261880687563,-0.06897166376786545,5.14481409001957,6.0377852258360445,65.93092798025917,37.97486638740431,-0.049336685639502775
4022395,365,73,5.277491086507787,6.459358959274431,40.75053180781535,31.169648002837253,-0.004997163687973982,5.36986301369863,6.531273554719275,42.71854549061456,31.715210355987054,-0.027499796599137483,5.36986301369863,6.531273554719275,42.71854549061456,31.715210355987054,-0.027499796599137483
4022399,365,73,5.427050103208858,6.518778718478189,71.15047224535103,37.94776413163282,-0.14579717716228657,4.945205479452055,6.129872956738453,61.33001423678044,34.57854406130268,-0.013160424614699684,5.14481409001957,6.285514140204406,66.16531054933226,35.97427476737822,-0.06526310419937009
4035556,26,6,0.19999999999999996,0.19999999999999996,19.999999999999996,19.999999999999996,,0.0,0.0,0.0,0.0,,0.2857142857142858,0.2857142857142858,28.57142857142858,28.57142857142858,
4036789,35,7,0.16836734693877559,0.36596252735569995,9.948979591836741,14.732142857142863,-0.09374999999999978,0.14285714285714285,0.3779644730092272,7.142857142857142,12.5,-0.16666666666666652,0.14285714285714285,0.3779644730092272,7.142857142857142,12.5,-0.16666666666666652
4046386,175,35,0.7418367346938776,0.8048640397290586,66.33673469387756,54.092261904761905,-0.5999243951612907,0.37142857142857144,0.7367883976130072,15.714285714285714,27.083333333333332,-0.3407258064516132,0.6163265306122448,0.6670067159959288,49.18367346938777,44.94047619047619,-0.09879032258064546
4047443,24,5,0.26315789473684215,0.4110657724161397,17.368421052631586,21.929824561403514,-0.056094182825484395,0.2,0.4472135954999579,10.0,16.666666666666664,-0.25,0.2,0.4472135954999579,10.0,16.666666666666664,-0.25
4054297,25,5,0.35,0.4031128874149275,27.500000000000004,29.166666666666668,-0.015625,0.2,0.4472135954999579,10.0,16.666666666666664,-0.25,0.2,0.4472135954999579,10.0,16.666666666666664,-0.25
4063615,365,73,12.947504222180523,16.80794320759032,34.99642003342108,34.67233339028533,-0.24607018023774585,13.246575342465754,17.213804590884337,34.97449977706506,35.47322083639032,-0.30697444590301814,15.79647749510763,20.308757343207205,37.432121421559714,42.30164552981868,-0.8191983779710987
4074313,365,73,252.2157534246575,266.763696871535,1021.0163375211067,239.45571595786183,-8.425441208624079,92.21917808219177,111.3739843211225,458.25165246699447,87.55364806866953,-0.6429174679296785,92.00195694716243,111.10638981364853,457.00527715930343,87.34741653196588,-0.6350321876387575
4075240,365,73,22.0401107149559,27.120975280216637,36.6866939623367,39.550837811990675,-1.538225945100629,33.0,36.888762813596884,56.161053204041266,59.21828908554573,-3.6957812054808707,20.03131115459882,25.413043038956598,33.26004828328806,35.94605983986514,-1.228604572608436
4090244,24,5,0.26315789473684215,0.4110657724161397,17.368421052631586,21.929824561403514,-0.056094182825484395,0.2,0.4472135954999579,10.0,16.666666666666664,-0.25,0.2857142857142857,0.4040610178208843,19.999999999999996,23.809523809523807,-0.020408163265306145
4090421,25,5,0.050000000000000044,0.050000000000000044,5.000000000000004,5.000000000000004,,1.0,1.0,100.0,100.0,,0.1428571428571428,0.1428571428571428,14.28571428571428,14.28571428571428,
4091466,30,6,0.25,0.25,25.0,25.0,,0.0,0.0,0.0,0.0,,0.7142857142857143,0.7142857142857142,71.42857142857143,71.42857142857143,
4094847,37,8,0.4224137931034483,0.4432744873166359,34.05172413793104,33.793103448275865,-0.047958779231074056,0.25,0.5,12.5,20.0,-0.33333333333333326,0.25,0.5,12.5,20.0,-0.33333333333333326
4098700,365,73,24.077265903546632,42.226210295241,31.216042563788303,40.970638950091,-0.31862510592006066,46.76712328767123,59.49260343112998,74.43792179779656,79.58041958041959,-1.6174782185612746,25.651663405088065,43.70711604865353,33.017260539942576,43.64968364968365,-0.41273735908363207
4108670,365,73,7.800056295740291,13.110070345153364,26.256106529170864,29.185243956383456,-0.1751766775384731,18.726027397260275,22.291653330768852,65.59792391297917,70.06663249615582,-2.397642503201238,10.812133072407045,15.79144019555589,34.42188834847541,40.45544409460351,-0.7050479610925542
4113659,365,73,35.78424657534248,37.80991177097753,115.26132156308597,94.50976845151958,-8.589596167450456,10.04109589041096,12.540892017824717,26.59961196668128,26.519536903039075,-0.0549839382099413,16.242661448140893,20.244963340953337,37.01655669139512,42.89849080008268,-1.7493053694530252
4116143,365,73,6.028663914430476,8.215507884891716,41.213180187622314,26.949936665855773,-0.009856479245749394,11.643835616438356,13.410280252043808,85.35106296383705,52.05143906919779,-1.6907077558904788,6.8454011741682965,9.003959617273303,53.43118909611182,30.600997288076282,-0.21299189696767717
4120412,365,73,18.094999061737663,25.054448354372177,41.805107304682295,47.2099689602162,-0.7229569895380723,40.013698630136986,43.12533501954443,159.48353636800204,104.39599714081487,-4.104693960801765,14.268101761252447,19.426650359726185,44.928571095567534,37.22556928418258,-0.035858881326105374
4131731,365,73,7.274488647025708,10.88155979158512,42.89029533314609,35.497170536957,-0.04466418744412426,8.95890410958904,13.619084112185904,36.30000139986885,43.716577540106954,-0.6364027681202609,19.933463796477493,20.980228188445682,126.01060772004335,97.26890756302521,-2.8834240520485532
4132471,365,73,35.982126102458245,49.932870234313015,30.332484879167353,28.43051418421314,-0.06200293361138165,39.50684931506849,61.3074444070704,25.70103182559536,31.215499512934304,-0.6009548374514331,29.356164383561644,49.20393680652265,21.213131839656253,23.195150990366923,-0.031222449310728484
4139256,184,37,0.5879757308328736,0.6454364285907883,45.55984555984555,42.65706282513004,-0.048362542295830035,0.7837837837837838,0.8853156407653622,72.97297297297297,56.86274509803921,-0.9724264705882357,0.61003861003861,0.659271355629081,48.64864864864867,44.2577030812325,-0.0937875150060028
4145955,365,73,5.038515668981047,7.311066352992874,45.2973787662437,34.83064809049397,-0.01662489382053378,5.63013698630137,7.681145747868608,53.78959409250387,38.92045454545455,-0.1221509996930612,4.890410958904109,7.251136241734665,41.490043809987846,33.80681818181818,-2.629448630120379e-05
4148719,365,73,8.48447175830362,11.822577026493938,49.15971292398442,46.015337173563466,-0.3962084240892849,8.027397260273972,10.126595933751847,72.48760427917787,43.536404160475485,-0.024360709452240226,7.937377690802348,10.086486501873393,71.00196922783148,43.04818509870516,-0.016262201605180104
4151823,365,73,5.453509101144681,6.407402457222988,103.31408512985733,58.03296856903232,-1.5847813437773217,4.917808219178082,5.9345748021397275,50.3555044650935,52.332361516034986,-1.2173743531580068,3.5283757338551873,4.383713217256463,47.35317085610628,37.546855476884645,-0.20988494639367095
4154599,365,73,14.82876712328767,16.207663501084404,211.20923233694836,99.13003663003663,-0.7330739870452723,8.506849315068493,12.466393179428827,85.38351132266189,56.86813186813187,-0.025316440024958586,8.902152641878672,12.32294227634375,97.79420663800569,59.510727367870246,-0.0018555517128955312
4174238,31,7,1.5535714285714286,1.6896481036848219,92.14285714285715,63.970588235294116,-0.013700181159420177,11.571428571428571,11.692488431223087,780.0,476.4705882352941,-47.54347826086956,3.142857142857143,3.562846832382836,250.20408163265304,129.41176470588235,-3.507246376811594
4182223,365,73,6.583411521861512,7.623813813398275,77.97789785258784,50.85598318475031,-1.1496536790527871,5.123287671232877,6.527077426078796,38.51173812404144,39.576719576719576,-0.5756562053218215,4.870841487279843,6.277324947678108,37.54067281618432,37.626606198034764,-0.4573811785308488
4206239,365,73,18.26304184650028,18.854919436533095,215.20771285416131,161.99295927029408,-14.838729078186132,5.068493150684931,6.0273349934517215,66.26397250204452,44.95747266099636,-0.618533257532689,4.027397260273973,5.042286934938012,50.527275842280716,35.722964763061974,-0.13272915760960435
4227106,41,9,0.3645833333333333,0.5287933394373773,21.354166666666664,27.34375,-0.25830078125,0.3333333333333333,0.5773502691896257,16.666666666666664,25.0,-0.5,0.38095238095238093,0.5084322977157768,23.809523809523803,28.57142857142857,-0.16326530612244916
4246750,28,6,0.9090909090909088,1.068906910573168,56.376262626262616,41.958041958041946,-0.003225156218504166,1.1666666666666667,1.5811388300841898,40.27777777777777,53.84615384615385,-1.1951219512195124,1.0714285714285714,1.3838229606400372,42.261904761904766,49.45054945054945,-0.6814335490293677
4257532,365,73,106.06192531431786,168.0930532043491,38.2882924458055,45.469347826786496,-0.6325159692299465,92.6027397260274,158.98177719302316,32.3733963666996,39.69931876908621,-0.46033536212306125,65.14872798434443,135.8752356969654,24.229971844431024,27.929628511023864,-0.06669074681450526
4258426,203,41,2.2068654019873537,3.167917099933212,68.42073915244646,53.539338154722785,-0.15453118000238075,2.2195121951219514,2.9508163401287333,92.65255070133118,53.84615384615385,-0.0017109225294278385,2.2195121951219514,2.9508163401287333,92.65255070133118,53.84615384615385,-0.0017109225294278385
4283182,365,73,6.5967817601801455,9.897585551843024,34.18382543087928,30.09781678082192,-0.059520457100873614,9.821917808219178,13.114354782827213,40.47966740315454,44.8125,-0.8601359003397508,6.52054794520548,9.804947032053251,34.541997046207314,29.75,-0.03977966934164656
4285409,148,30,1.754237288135593,2.411290235025524,51.29089319343556,57.20338983050846,-0.5054339867021012,1.6,2.23606797749979,52.2063492063492,52.17391304347826,-0.29459148446490224,1.6666666666666663,2.307633001156642,51.810657596371875,54.34782608695651,-0.37878396467908204
4286125,365,73,5.812816663539126,8.810000565513377,38.54470949269245,36.39241993467891,-0.05552046649313547,6.616438356164384,8.636494722738526,52.54481633709911,41.42367066895369,-0.014354616444648638,6.322896281800393,9.63866329037179,35.80183273619074,39.585885812300916,-0.2634219114073435
4286447,27,6,0.29365079365079366,0.3734377890799553,22.61904761904762,25.170068027210885,-0.004081632653061273,0.16666666666666666,0.408248290463863,8.333333333333332,14.285714285714285,-0.20000000000000018,0.26190476190476186,0.3734377890799553,19.047619047619044,22.448979591836732,-0.004081632653061273
4301917,365,73,11.334584349784201,15.384653348106227,41.540617038555276,49.222168800371605,-1.1783044805813843,8.89041095890411,10.839425754389922,43.41768601528202,38.60797144556811,-0.08132365741444336,7.340508806262231,11.970154386230487,24.9358504181253,31.87728392963372,-0.31868983449083665
4331439,365,73,104.242916119347,112.03797999073943,124.6293004140347,102.17149404823216,-1.3025531964622115,322.56164383561645,327.4066007150449,398.08794140950965,316.15198711063374,-18.66319083493762,87.8454011741683,99.30094070125578,103.8752158433986,86.09981586619611,-0.8087804607314313
4333593,365,73,19.446565959842378,20.89780494569066,135.5932555574824,101.11106232681577,-5.276860486285299,6.4520547945205475,9.353777348479678,30.123552972445562,33.547008547008545,-0.25752083501901435,8.637964774951076,9.903334861320923,59.202003081026334,44.91249491249491,-0.40962651910833126
4333674,365,73,7.82004128354288,10.692717570610801,24.729472535789533,27.84697627798196,-0.6373489054547214,8.684931506849315,10.239595454337694,36.18255285611378,30.926829268292682,-0.5015183355817239,5.690802348336594,8.685380825816473,19.51741768481029,20.264808362369337,-0.08029601319133883
4344234,365,73,12.688684556201915,18.429296151841502,102.46253099005817,64.63879780898394,-0.057613332242569815,12.684931506849315,20.835954173048325,61.53244241604362,64.61967899511515,-0.3518739701052973,12.56164383561644,18.700268125253928,94.67004325675535,63.99162595952548,-0.0889428453607064
4353163,365,73,26.909129292550194,34.316777532428226,42.56744724385357,37.61712827185301,-0.007472676238083675,29.328767123287673,34.9949115674899,52.50520630251505,40.99961700497893,-0.047683438158501845,26.58512720156556,34.56840002260747,40.76034927321689,37.164195436887894,-0.02230111800633683
4362981,30,6,0.5,0.5,50.0,50.0,,1.0,1.0,100.0,100.0,,0.42857142857142866,0.4285714285714286,42.85714285714287,42.85714285714287,
4369473,365,73,7.713689247513604,8.552439572990435,154.87734263083047,87.30221939046405,-2.023468526993484,3.671232876712329,5.249918459901681,50.96523676892657,41.55038759689923,-0.1392801737511633,4.542074363992174,5.560177309055468,92.13341491606754,51.40642303433003,-0.27791717059147536
4379692,220,44,66.0154958677686,79.23856710295136,214.88202531300053,66.77429467084642,-0.0007746422517826979,82.18181818181819,90.67474340139646,319.4007901431219,83.12643678160919,-0.31049611024042645,64.73376623376625,79.2823446107384,201.6234127428584,65.47783251231529,-0.0018807582178688165
4393373,45,9,3.4444444444444446,3.5013225014641622,332.09876543209884,281.8181818181818,-30.03125,0.2222222222222222,0.6666666666666666,7.4074074074074066,18.181818181818183,-0.125,2.7777777777777777,2.848001248439177,270.37037037037044,227.27272727272728,-19.53125
4393380,30,6,0.29166666666666674,0.29166666666666674,29.166666666666675,29.166666666666675,,0.0,0.0,0.0,0.0,,0.0,0.0,0.0,0.0,
4393874,365,73,95.36643835616438,101.61527961912796,207.0616400388601,129.762348555452,-7.38866052756107,35.67123287671233,41.15157414722456,83.30439950015996,48.53681267474371,-0.3757752489288064,38.55968688845401,44.058079186762804,90.85458925989671,52.4670483291173,-0.5769782551507097
4397089,365,73,16.041940326515295,17.742577916421425,209.0395927415219,110.68635575005827,-2.5462126208625575,8.561643835616438,9.749604839199788,96.38902362539335,59.07372400756144,-0.07079258780107311,11.362035225048924,12.410845041477073,144.2079748347522,78.39589522009182,-0.7351380565924477
4398217,365,73,9.39378870332145,10.923231753054765,82.80616582893403,54.38117171629388,-1.6681224035919597,8.657534246575343,10.218168079656431,77.05344705448482,50.11895321173672,-1.3347992111115774,6.86692759295499,8.356854327901013,61.571163332932464,39.75303047467996,-0.5616694598614906
4398218,365,73,77.5068493150685,79.65108279037464,208.33297988468567,168.29268292682926,-17.826734172929484,32.75342465753425,35.98039801191602,93.98050637589137,71.11838191552647,-2.841700894985143,28.146771037181995,31.20228535102265,81.03203608191275,61.115832412679524,-1.8891123513150125
4398360,365,73,5.955995496340776,8.380228655219076,42.93274457545892,39.96210213537469,-0.043206753524777985,6.52054794520548,8.277713932312803,56.20130063909373,43.75,-0.01783992016635727,5.96477495107632,8.910608153053005,37.358182993788624,40.02100840336134,-0.17943318887321436
4401529,32,7,0.35428571428571437,0.46891973117551194,23.428571428571423,27.55555555555556,-0.07744000000000018,0.2857142857142857,0.5345224838248488,14.285714285714285,22.22222222222222,-0.3999999999999997,0.2857142857142857,0.5345224838248488,14.285714285714285,22.22222222222222,-0.3999999999999997
4411767,30,6,0.8611111111111112,1.1086778913041726,52.43055555555555,51.66666666666667,-0.005681818181818565,0.6666666666666666,1.2909944487358056,20.833333333333336,40.0,-0.36363636363636376,0.761904761904762,1.1693361102674928,36.30952380952381,45.714285714285715,-0.11873840445269046
4427720,365,73,24.100394070182023,31.932358962085274,39.398756930472246,47.39571032120926,-1.1107498145177268,17.36986301369863,23.69382325151373,33.07345636625857,34.15948275862069,-0.16210412644647065,19.39334637964775,27.014435097967286,32.71674488030127,38.13885467980296,-0.510659322792111
4447921,30,6,4.041666666666666,4.190142201246476,351.9097222222222,242.49999999999997,-13.365056818181818,1.0,1.1547005383792515,75.0,60.0,-0.09090909090909105,3.7619047619047628,3.9209883524264577,329.76190476190476,225.71428571428575,-11.578849721706868
4448043,365,73,11.973634828297993,17.674971729350155,62.906086480144886,52.40259846916987,-0.14237070822960485,11.904109589041095,17.540950131245722,63.96611882497687,52.09832134292566,-0.1251121919353555,12.162426614481408,16.587455978374084,91.82696576732874,53.22884549503254,-0.0061185811130819445
4454763,30,6,0.5555555555555557,0.5773502691896258,50.0,41.66666666666667,-0.5000000000000002,0.3333333333333333,0.5773502691896257,16.666666666666664,25.0,-0.4999999999999998,1.0952380952380951,1.1923794310046585,102.38095238095238,82.14285714285714,-5.397959183673468
4459837,365,73,6.973728654531807,8.016601745542287,73.67519372393215,50.80660596614989,-0.51408095777039,5.52054794520548,8.04865342264209,34.13023875888188,40.21956087824351,-0.5262122444648796,5.021526418786693,7.238575875826146,34.405642482165675,36.583974907328205,-0.2344535182680274
4461161,176,36,0.9944444444444448,1.1110555541665974,83.87037037037037,62.807017543859665,-0.4452032520325202,0.5833333333333334,1.092906420717,21.203703703703702,36.84210526315789,-0.398373983739837,0.5833333333333334,1.092906420717,21.203703703703702,36.84210526315789,-0.398373983739837
4463044,365,73,5.316006755488834,8.954074773935831,27.875055133058147,30.10616704039448,-0.13991206304993953,10.712328767123287,13.561629998609241,54.59081776224819,60.66718386346005,-1.6148916529265183,6.639921722113503,10.27895788097289,31.91905885061673,37.60390114152721,-0.5022011461902791
4469098,206,42,0.6718931475029036,0.7263608874425069,63.051684088269454,52.2583559168925,-1.0961410920140846,0.7619047619047619,0.8728715609439694,74.60317460317461,59.25925925925925,-2.027027027027027,0.48979591836734687,0.5216405309573011,39.68253968253968,38.095238095238095,-0.08108108108108136
4475859,40,8,0.5546875,0.7609872288678701,30.859375,36.97916666666667,-0.158203125,0.5,0.8660254037844386,20.833333333333332,33.33333333333333,-0.5,0.5357142857142857,0.7921811790292441,27.38095238095238,35.714285714285715,-0.2551020408163267
4476306,365,73,6.305873522236817,7.193437513031847,58.88886651616847,45.086069257912605,-0.3741154896450001,10.986301369863014,12.583964573359289,74.76921908081266,78.55044074436826,-3.205186469732305,5.450097847358122,7.817691383920461,32.29700936404475,38.967398908632994,-0.6229581768723755
4484509,365,73,11.177472321261025,21.77086255674376,55.3548076659063,44.98100768754437,-0.0005349953138085173,10.602739726027398,22.29871917201364,43.268326695449375,42.668136714443214,-0.04964114785152174,11.24853228962818,21.766815131848407,56.15948632009172,45.26697117656324,-0.0001630106202177295
4486624,365,73,6.820416588478139,7.894999617029708,67.78683917475364,48.717261346272416,-0.5056798092526951,4.808219178082192,6.511317860001354,37.546620033700655,34.34442270058709,-0.024156187954996744,5.479452054794519,7.892732065492029,33.30417210934363,39.13894324853228,-0.5048150299166658
4487913,45,9,30.69444444444444,37.944739302579755,93.22487948525624,95.58823529411762,-1.8931794219796578,27.11111111111111,35.10935297989222,76.08780994796321,84.42906574394463,-1.4769536095261722,29.396825396825403,36.90294926424029,87.01909682889432,91.54720711814139,-1.7364931981227127
4488399,365,73,86.43938825295552,109.65561868904365,55.36732158261285,40.75486238110026,-0.04890667262901016,86.91780821917808,107.36003950349394,64.83425175479012,40.98043014919589,-0.005449805151652054,110.48727984344424,131.7421459173297,95.12346788379757,52.0930790452201,-0.5139953301595614
4494879,45,9,4.138888888888889,4.583333333333334,223.44723691945916,106.42857142857144,-4.418988853503187,1.7777777777777777,2.260776661041756,111.5079365079365,45.714285714285715,-0.318471337579618,9.825396825396824,10.02072681926788,452.5623582766439,252.65306122448976,-24.90322370986611
4501641,365,73,70.82843873146933,77.94938244158807,48.768755060765336,41.86959290142733,-0.8493200010611743,46.67123287671233,71.75481464443716,22.631948584875154,27.58927848408778,-0.5670714663725991,38.794520547945204,60.76340823902094,20.17627929841558,22.933031014657058,-0.12375324877522309
4502086,39,8,0.06451612903225801,0.06451612903225801,6.451612903225801,6.451612903225801,,0.0,0.0,0.0,0.0,,0.2857142857142858,0.2857142857142858,28.57142857142858,28.57142857142858,
4512542,44,9,111.15238095238095,222.80911794302483,239.99075788926808,99.14483930341214,-0.2978613863379167,134.77777777777777,200.93973668186635,3208.342602012317,120.21803766105054,-0.05558704241753687,114.47619047619047,216.85700692218168,869.1121620086462,102.10958516211241,-0.22944558442517726
4526724,163,33,4.522377622377622,9.881497698854073,210.74007738293457,119.39076923076924,-0.0002286942451990015,2.787878787878788,10.266155044316221,17.780869923727067,73.6,-0.07961621672467323,5.445887445887446,9.923703998574808,298.3262655711635,143.77142857142857,-0.008791385992832135
4551694,27,6,0.2857142857142858,0.2857142857142858,28.57142857142858,28.57142857142858,,0.0,0.0,0.0,0.0,,0.2857142857142858,0.2857142857142858,28.57142857142858,28.57142857142858,
4555782,34,7,1.608465608465609,1.682872417267665,138.62433862433866,112.59259259259262,-10.564243255601282,0.42857142857142855,0.6546536707079771,21.428571428571427,30.0,-0.75,0.4693877551020408,0.5150787536377128,31.63265306122449,32.857142857142854,-0.08333333333333348
4556477,36,8,0.3928571428571429,0.4040610178208843,35.26785714285715,34.920634920634924,-0.49271137026239087,0.125,0.3535533905932738,6.25,11.11111111111111,-0.1428571428571428,0.125,0.3535533905932738,6.25,11.11111111111111,-0.1428571428571428
4616498,33,7,0.46153846153846156,0.4615384615384615,46.15384615384615,46.15384615384615,,0.0,0.0,0.0,0.0,,0.7142857142857143,0.7142857142857142,71.42857142857143,71.42857142857143,
4670546,28,6,0.18181818181818188,0.18181818181818188,18.181818181818187,18.181818181818187,,0.0,0.0,0.0,0.0,,0.1428571428571428,0.1428571428571428,14.28571428571428,14.28571428571428,
4775544,32,7,0.20000000000000004,0.3555277766926235,13.428571428571434,17.500000000000004,-0.032266666666666,0.14285714285714285,0.3779644730092272,7.142857142857142,12.5,-0.16666666666666652,0.14285714285714285,0.3779644730092272,7.142857142857142,12.5,-0.16666666666666652
4798599,365,73,14.248545693375867,19.56378412948759,50.64373144467359,48.088018290172826,-0.12884832723054362,18.041095890410958,25.492679583142433,47.5952999467523,60.887656033287094,-0.9167295763173389,14.26027397260274,19.522801590452467,50.963750850784464,48.12760055478502,-0.12412382055982407
4815632,203,41,3.891297801866908,3.923876773523321,367.2889691859882,325.59838750314947,-59.472046303062434,0.1951219512195122,0.5410017808004594,8.130081300813007,16.3265306122449,-0.14953271028037407,0.4982578397212543,0.5559757273995346,41.92799070847851,41.690962099125365,-0.21404730116345627
4816916,365,73,20.84246575342466,21.56963286052087,183.37373885825426,141.7986952469711,-14.085562823243075,4.410958904109589,5.807411419665415,33.154360939978176,30.00931966449208,-0.09355643443869788,4.4520547945205475,5.571177675117456,38.862657749471865,30.288909599254428,-0.006398614206862829
4823589,157,32,2.33175,4.804929343913394,96.60377976190476,68.45504587155963,-0.00967082229340166,2.40625,5.353153276340964,42.414434523809526,70.64220183486239,-0.2532137518684603,2.5312499999999996,4.781914803054679,119.52806122448978,74.31192660550458,-2.1789625523682687e-05
4825604,180,36,0.6458333333333334,0.7418539089485356,49.33449074074073,43.86792452830189,-0.04428989751098111,0.4722222222222222,0.8660254037844386,19.675925925925924,32.075471698113205,-0.42313323572474393,0.6309523809523809,0.7326991692109104,46.79232804232805,42.85714285714286,-0.018675112797681637
4826218,45,9,0.7222222222222223,0.7222222222222223,72.22222222222223,72.22222222222223,,2.0,2.0,200.0,200.0,,0.4285714285714286,0.4285714285714286,42.85714285714286,42.85714285714286,
4826548,45,9,1.3888888888888888,1.4240006242195884,111.11111111111111,78.125,-0.346311475409836,1.1111111111111112,1.247219128924647,77.77777777777779,62.5,-0.032786885245901454,1.1111111111111112,1.247219128924647,77.77777777777779,62.5,-0.032786885245901454
4829675,365,73,28.342465753424662,29.628192641669177,536.0996900326229,249.27710843373498,-10.777506709567618,11.767123287671232,12.93344395753659,243.52248148137141,103.49397590361447,-1.2442509202052396,10.18590998043053,11.151672462640128,206.19976042891685,89.58691910499141,-0.6684878607102291
4831692,41,9,0.5868055555555556,0.6751575176291168,47.337962962962955,48.01136363636363,-0.153839111328125,0.2222222222222222,0.6666666666666666,7.4074074074074066,18.181818181818183,-0.125,0.33333333333333326,0.6335302236023843,19.57671957671957,27.27272727272727,-0.015943877551020336
4837565,45,9,0.02777777777777768,0.02777777777777768,2.777777777777768,2.777777777777768,,0.0,0.0,0.0,0.0,,0.1428571428571428,0.1428571428571428,14.28571428571428,14.28571428571428,
4841511,45,9,0.6234567901234569,0.6502611061510903,59.25925925925927,51.01010101010102,-1.446428571428572,0.2222222222222222,0.4714045207910317,11.11111111111111,18.181818181818183,-0.2857142857142858,0.46031746031746035,0.4641330640385221,39.68253968253969,37.66233766233766,-0.24635568513119566
4845227,30,6,0.08333333333333326,0.08333333333333326,8.333333333333325,8.333333333333325,,0.0,0.0,0.0,0.0,,0.1428571428571428,0.1428571428571428,14.28571428571428,14.28571428571428,
4852412,365,73,10.147119534621883,11.043577001216487,154.32795265099926,90.33411293017042,-2.2767716694228217,4.36986301369863,6.105241404132987,58.132805857390835,38.90243902439025,-0.001457064494010396,4.3424657534246585,6.122799822209277,56.373796845617285,38.65853658536586,-0.007225644664351494
4854638,37,8,2.603448275862069,3.8573323786869937,108.6206896551724,86.7816091954023,-0.04414126874856583,2.0,4.272001872658765,21.875,66.66666666666666,-0.2807017543859649,2.7142857142857144,3.817922289969362,124.5535714285714,90.47619047619048,-0.02291442892946649
4854681,365,73,193.68835616438358,213.6337320504137,47.47034609094877,50.19970886884897,-4.617711963566625,89.8082191780822,116.51562303381853,21.05467162140295,23.276290563090253,-0.6710449666950156,122.99999999999994,149.37899313357357,28.75364168706762,31.878861038131067,-1.746621837689064
4858771,144,29,196.09475262368818,196.1514279435916,6758.28792088918,3325.5835240274605,-1729.7336776585757,3.6206896551724137,5.082084828778102,86.02555238671388,61.40350877192983,-0.1617993153615751,8.541871921182267,9.252118079199091,373.8126977953916,144.8621553884712,-2.8506108476766854
4867374,220,44,30.852272727272727,30.861538036181503,2776.247417355372,2381.578947368421,-1664.684959349593,0.9318181818181818,1.0335288182638247,84.69696969696969,71.9298245614035,-0.8681120144534775,1.0551948051948055,1.1357326634141618,96.91558441558445,81.45363408521304,-1.2558486809357885
4875175,45,9,1.6388888888888888,1.6687486995417322,159.72222222222223,147.5,-27.195312499999996,0.1111111111111111,0.3333333333333333,5.555555555555555,10.0,-0.125,0.3333333333333334,0.35951592548908334,29.36507936507937,30.00000000000001,-0.30867346938775553
4881454,42,9,0.09090909090909083,0.09090909090909083,9.090909090909083,9.090909090909083,,1.0,1.0,100.0,100.0,,0.1428571428571428,0.1428571428571428,14.28571428571428,14.28571428571428,
4886046,365,73,5.793582285607055,8.334487941530277,26.06943453404,23.706923029670126,-0.00017292249829758966,6.493150684931507,9.441964039939299,24.45736545980432,26.569506726457398,-0.28363612783295666,5.767123287671233,8.51023492075782,24.037158295016212,23.598654708520183,-0.04279837346980675
4886285,45,9,1.0,1.048220125784067,99.38271604938271,90.0,-10.125000000000002,0.1111111111111111,0.3333333333333333,5.555555555555555,10.0,-0.125,0.22222222222222218,0.31586902765289526,17.460317460317455,19.999999999999996,-0.010204081632653184
4886700,30,6,0.25,0.375,17.708333333333336,21.428571428571427,-0.012500000000000178,0.16666666666666666,0.408248290463863,8.333333333333332,14.285714285714285,-0.20000000000000018,0.16666666666666666,0.408248290463863,8.333333333333332,14.285714285714285,-0.20000000000000018
4890231,33,7,0.8461538461538461,1.2602915306312648,33.51648351648351,45.562130177514796,-0.6214250493096649,0.8571428571428571,1.3093073414159542,32.142857142857146,46.15384615384615,-0.75,0.8571428571428571,1.3093073414159542,32.142857142857146,46.15384615384615,-0.75
4895117,144,29,4.9733133433283365,6.948414691363792,37.30737260766364,39.29866129605497,-0.2517378541888433,5.517241379310345,6.638446016745288,61.88117719557881,43.596730245231605,-0.1425488624452802,13.443349753694584,14.460677345937416,156.10177516871232,106.2281043207474,-4.4214967076910305
4895120,365,73,370.9576843685494,534.2984780284978,35.625260579399765,45.870165592018616,-0.806227747895879,691.6849315068494,762.1839475238335,121.37294776893941,85.52916864286199,-2.6755660479414405,290.6614481409002,420.4982500627593,33.13856343705598,35.9412658619922,-0.11874993010311141
4900117,39,8,0.2983870967741935,0.45932357631929494,18.54838709677419,23.87096774193548,-0.12521678806798486,0.25,0.5,12.5,20.0,-0.33333333333333326,0.25,0.5,12.5,20.0,-0.33333333333333326
4907053,45,9,1.3888888888888888,1.4240006242195884,135.18518518518522,113.63636363636364,-4.1328125,2.7777777777777777,2.848001248439177,270.37037037037044,227.27272727272728,-19.53125,1.2222222222222223,1.2353449305783664,116.93121693121691,100.0,-2.8628826530612232
4923990,220,44,14.903409090909092,14.914409086476086,1238.96995523416,1075.0,-677.1780511811025,1.6136363636363635,1.712255291076124,146.5909090909091,116.39344262295081,-7.938582677165355,1.3538961038961042,1.4461579833481144,123.97186147186147,97.65807962529276,-5.376217258556967
4942939,28,6,0.2878787878787879,0.3729858674270052,21.969696969696976,24.675324675324678,-0.0016528925619834212,0.16666666666666666,0.408248290463863,8.333333333333332,14.285714285714285,-0.20000000000000018,0.26190476190476186,0.37343778907995534,19.047619047619044,22.448979591836732,-0.0040816326530617175
4943996,45,9,27.97222222222222,28.015882290119425,1596.4866255144034,1048.9583333333335,-320.09122474747477,1.7777777777777777,2.0548046676563256,130.37037037037038,66.66666666666666,-0.7272727272727273,11.476190476190474,11.582201530376226,683.0952380952381,430.3571428571428,-53.87847866419293
4968043,193,39,4.233599733599731,4.310853598655742,364.5077145077146,284.6730855351543,-27.15282943953649,0.48717948717948717,0.9473309334313419,18.803418803418804,32.758620689655174,-0.3595617529880475,0.5824175824175822,0.8370664681546164,33.69963369963372,39.16256157635467,-0.06148873892186302
4976021,22,5,0.3529411764705883,0.3529411764705883,35.29411764705883,35.29411764705883,,0.0,0.0,0.0,0.0,,0.1428571428571428,0.1428571428571428,14.28571428571428,14.28571428571428,
4982646,168,34,10.446444249341525,17.994356964773928,63.816725488848526,79.81552909609255,-0.5083563883248046,9.205882352941176,17.241366125755608,49.135593661413694,70.33707865168539,-0.38476045406738524,8.42436974789916,16.599639128839005,45.13926137191012,64.36597110754414,-0.2835967158052428
5024912,182,37,0.9530288909599254,1.0693490578508182,83.6936936936937,61.863278886872344,-1.204875550568572,0.6756756756756757,0.8542421961772491,59.909909909909906,43.859649122807014,-0.40704225352112644,1.034749034749035,1.1433396664770616,90.70141570141568,67.16791979949875,-1.5205518827249196
5033112,44,9,0.5714285714285714,0.5714285714285714,57.14285714285714,57.14285714285714,,0.0,0.0,0.0,0.0,,0.1428571428571428,0.1428571428571428,14.28571428571428,14.28571428571428,
5042117,203,41,5.725383920505872,5.792218998804177,429.1779584462511,326.0288065843622,-42.583628565310406,3.2439024390243905,3.360458737557905,253.65853658536585,184.72222222222223,-13.67001545595054,2.1149825783972127,2.2768775174495874,173.17073170731712,120.43650793650795,-5.734615020660504
5051959,151,31,2.0016129032258063,2.1567411198529407,141.28571428571428,81.64473684210526,-0.44664158576051793,1.2903225806451613,1.8491497610279373,59.07834101382489,52.63157894736842,-0.06343042071197402,1.543778801843318,1.8122907134396926,92.85055957867019,62.96992481203007,-0.021458292054685968
5052984,28,6,0.8636363636363634,0.8636363636363635,86.36363636363635,86.36363636363635,,0.0,0.0,0.0,0.0,,0.2857142857142858,0.2857142857142858,28.57142857142858,28.57142857142858,
5058432,38,8,0.35000000000000003,0.37416573867739417,30.625000000000004,31.11111111111111,-0.28,0.125,0.3535533905932738,6.25,11.11111111111111,-0.1428571428571428,0.33928571428571436,0.3677010764638215,29.464285714285722,30.15873015873016,-0.2361516034985427
5062211,190,38,4.394044321329641,4.520081577291937,353.3756059556787,238.5338345864662,-9.344517005610104,1.631578947368421,1.820930936000652,129.01315789473685,88.57142857142857,-0.6788218793828897,1.631578947368421,1.820930936000652,129.01315789473685,88.57142857142857,-0.6788218793828897
5062231,194,39,4.0,4.431819676050194,271.9017094017094,131.0924369747899,-3.851250405975966,2.41025641025641,2.8010986855435576,171.99328449328448,78.99159663865547,-0.9379668723611561,1.8131868131868139,2.0471930726518592,106.43642072213501,59.42376950780314,-0.0351591757196541
5075039,165,33,4.076675849403121,6.778554878752609,177.08690400265596,98.197301481973,-0.02436640189977113,2.787878787878788,6.795720578556639,78.21590518184945,67.15328467153284,-0.029561087454962554,2.787878787878788,6.795720578556639,78.21590518184945,67.15328467153284,-0.029561087454962554
5080142,30,6,4.166666666666666,4.183300132670377,388.8888888888888,357.14285714285705,-124.99999999999997,0.16666666666666666,0.408248290463863,8.333333333333332,14.285714285714285,-0.20000000000000018,0.5476190476190476,0.5502009527757782,51.19047619047619,46.93877551020408,-1.1795918367346938
5091071,39,8,0.754032258064516,0.7866107701030031,74.39516129032258,67.02508960573475,-4.657202319012932,0.125,0.3535533905932738,6.25,11.11111111111111,-0.1428571428571428,0.2321428571428571,0.331200660553418,17.85714285714285,20.634920634920633,-0.00291545189504383
5121886,20,4,0.75,0.8860904299223641,41.927083333333336,42.857142857142854,-0.14204545454545459,0.75,1.118033988749895,29.166666666666664,42.857142857142854,-0.8181818181818181,0.75,0.8892785427134808,41.66666666666667,42.857142857142854,-0.15027829313543584
5130438,38,8,0.1333333333333333,0.1333333333333333,13.33333333333333,13.33333333333333,,0.0,0.0,0.0,0.0,,0.2857142857142858,0.2857142857142858,28.57142857142858,28.57142857142858,
5152116,45,9,2.5,2.662612659182613,197.0679012345679,140.625,-7.444852941176469,1.4444444444444444,1.5275252316519468,113.88888888888889,81.25,-1.7794117647058822,3.9365079365079367,4.041732414080561,296.82539682539687,221.42857142857144,-18.458583433373345
5178199,39,8,0.4838709677419355,0.4838709677419355,48.38709677419355,48.38709677419355,,0.0,0.0,0.0,0.0,,0.0,0.0,0.0,0.0,
5179128,157,32,2.287,2.7787795882365334,24.564055944055944,24.233112582781455,-0.07489597389885794,2.375,3.0413812651491097,23.58828671328671,25.165562913907287,-0.2876563349646548,2.2946428571428568,2.6944765876942878,27.452443389943387,24.31409649952696,-0.010664624740597706
5183948,25,5,0.30000000000000004,0.30000000000000004,30.000000000000004,30.000000000000004,,0.0,0.0,0.0,0.0,,0.0,0.0,0.0,0.0,
5184227,20,4,0.125,0.125,12.5,12.5,,0.0,0.0,0.0,0.0,,0.2857142857142858,0.2857142857142858,28.57142857142858,28.57142857142858,
5219047,28,6,2.151515151515152,2.5882495653766036,69.94047619047619,61.47186147186148,-0.46160781367392945,2.1666666666666665,2.614064523559687,69.12698412698411,61.904761904761905,-0.49090909090909096,1.8333333333333333,2.1515695900156873,95.31179138321995,52.38095238095239,-0.010018552875695752
5230937,20,4,0.5,0.6643841132959156,26.5625,33.33333333333333,-0.765625,0.5,0.7071067811865476,25.0,33.33333333333333,-1.0,0.5,0.7071067811865476,25.0,33.33333333333333,-1.0
5262358,20,4,0.40625,0.4375,32.03125,32.5,-0.02083333333333326,0.75,0.8660254037844386,75.0,60.0,-3.0,0.4642857142857143,0.4683884660215715,39.285714285714285,37.142857142857146,-0.17006802721088454
5418013,25,5,0.47000000000000003,0.49244289008980524,34.0,33.57142857142858,-0.01041666666666674,0.4,0.6324555320336759,20.0,28.57142857142857,-0.6666666666666667,0.4,0.6324555320336759,20.0,28.57142857142857,-0.6666666666666667
